Age,Income,LoanAmount,CreditScore,MonthsEmployed,NumCreditLines,InterestRate,LoanTerm,DTIRatio,Education,EmploymentType,MaritalStatus,HasMortgage,HasDependents,LoanPurpose,HasCoSigner,Default
56,143778,110834,498,591,19,24.787346249401804,360,0.5221824990217793,Bachelors,Self-employed,Married,No,No,Education,Yes,0
69,77292,237386,725,554,11,19.813666302955525,24,0.20453297866545156,High School,Part-time,Divorced,No,No,Other,Yes,0
46,38833,470959,791,457,15,13.150123439606206,12,0.2916531420158916,Bachelors,Self-employed,Divorced,Yes,No,Auto,No,0
32,35309,454449,441,88,12,14.28282988093219,360,0.6749444237319822,High School,Full-time,Single,Yes,Yes,Home,No,0
60,21970,288681,612,94,3,8.442769008396777,360,0.15595421517612787,PhD,Self-employed,Single,Yes,No,Education,No,0
25,87474,495509,464,451,17,22.81131564821227,60,0.6614942777386896,High School,Part-time,Single,Yes,Yes,Auto,No,0
78,61540,340720,613,427,3,15.873367526852764,60,0.45012433832219395,High School,Self-employed,Single,Yes,No,Auto,Yes,0
38,33017,108522,320,150,19,10.304781739745465,24,0.6097500089552658,High School,Full-time,Married,No,No,Business,No,1
56,90880,23612,381,513,4,18.285453357067556,120,0.5708858930107773,Masters,Full-time,Single,Yes,No,Business,Yes,0
75,120570,226049,430,375,3,29.876299109488368,60,0.16600919630790323,High School,Part-time,Single,Yes,No,Other,Yes,0
36,23702,269615,604,21,16,13.622606110040062,60,0.4550501891470983,Bachelors,Part-time,Divorced,Yes,Yes,Other,No,1
40,146456,167703,670,312,12,27.700050622579965,120,0.694178522244074,High School,Part-time,Divorced,Yes,Yes,Auto,No,0
28,15404,241069,683,518,8,11.005488357812418,12,0.3456929894415435,Bachelors,Unemployed,Divorced,Yes,No,Auto,Yes,0
28,27763,224131,744,205,17,2.5872485008245905,60,0.7732726161786534,High School,Unemployed,Married,Yes,Yes,Other,Yes,0
41,113142,32348,724,374,7,6.9230210846844376,36,0.36177208008137446,Masters,Full-time,Married,Yes,Yes,Other,Yes,0
70,95642,196804,460,450,11,13.142159156502842,240,0.11422850933430775,PhD,Unemployed,Divorced,Yes,No,Auto,Yes,0
53,65612,264321,477,594,18,7.369412929242501,240,0.3115477440621386,High School,Unemployed,Divorced,No,Yes,Education,No,0
57,38574,136832,789,178,1,1.0065841083294105,60,0.7613619251124297,High School,Self-employed,Single,No,Yes,Auto,Yes,0
41,38524,295923,626,209,3,27.53504459467829,12,0.2557766794718834,Masters,Unemployed,Single,No,Yes,Education,No,0
20,25916,284780,588,499,4,25.47250292569694,360,0.6944785278936503,High School,Self-employed,Married,Yes,Yes,Education,Yes,0
39,19809,82889,653,463,13,22.526474713121466,12,0.7050005453455119,Bachelors,Part-time,Married,Yes,No,Auto,Yes,0
70,136288,54551,327,123,6,5.86662327373483,24,0.28014921946556887,High School,Self-employed,Single,Yes,No,Home,Yes,0
19,53765,405772,342,112,14,4.490543710089596,36,0.0666061264405057,High School,Self-employed,Divorced,No,Yes,Other,No,0
41,60106,421814,722,11,5,2.9605377346991113,12,0.5796463273270546,PhD,Part-time,Single,Yes,No,Business,Yes,1
61,68932,143635,476,125,16,21.996846474414717,120,0.24920983921118883,PhD,Part-time,Married,Yes,No,Auto,No,1
47,72091,47819,828,564,15,27.935430859948674,36,0.6263388914060579,High School,Full-time,Married,Yes,No,Education,No,0
55,36949,336914,793,330,15,13.485538806478072,240,0.3541238786083465,Masters,Full-time,Single,No,Yes,Auto,No,0
19,52744,485271,497,282,4,4.4550794878853965,36,0.38821339387409726,PhD,Full-time,Single,No,Yes,Other,Yes,0
77,123319,421182,816,139,8,15.85939180123109,120,0.6223275253988295,High School,Full-time,Single,Yes,No,Education,No,0
38,107193,213781,813,400,16,11.116125316300273,60,0.30589066484930233,PhD,Self-employed,Married,No,No,Business,No,0
50,51187,454105,321,96,16,11.869922806149933,120,0.3545018762583316,High School,Self-employed,Divorced,Yes,Yes,Business,Yes,0
29,139454,159059,411,516,4,19.01858810051551,120,0.3009523750156977,PhD,Full-time,Single,Yes,No,Business,Yes,0
75,29489,341858,356,568,13,21.84282528460387,60,0.293872412221824,PhD,Unemployed,Married,No,Yes,Home,No,0
39,76877,499090,365,68,13,4.207504367321665,60,0.42075726152116755,Bachelors,Full-time,Married,No,No,Education,No,0
78,64922,190420,397,117,2,2.032116693387815,60,0.6470395556009206,High School,Unemployed,Married,No,Yes,Education,Yes,0
61,109074,25596,443,58,3,29.835578777885733,60,0.2894146495380527,High School,Part-time,Single,No,Yes,Home,No,0
42,52131,427390,734,32,8,7.7491221185510035,60,0.4194037764301894,High School,Self-employed,Single,Yes,Yes,Education,No,0
66,130765,327250,385,317,15,2.561085222345313,120,0.5365818603540807,High School,Self-employed,Divorced,Yes,Yes,Home,No,1
44,88963,464183,643,49,11,6.506384543781679,24,0.21555155704292403,PhD,Unemployed,Married,No,No,Auto,Yes,0
76,121884,60182,593,488,9,2.1297775441054623,24,0.22201824392191405,Bachelors,Full-time,Single,No,Yes,Other,No,0
59,140917,487516,542,18,7,12.362515943897979,12,0.7467305016187639,Bachelors,Self-employed,Married,Yes,No,Business,Yes,0
45,39285,350307,331,196,13,24.269651749088403,24,0.578827658664871,Masters,Unemployed,Married,Yes,Yes,Home,Yes,0
77,52626,302454,690,449,2,10.896089042973898,240,0.4617493409786471,High School,Part-time,Divorced,Yes,Yes,Home,Yes,0
33,34198,319232,576,558,8,13.88131879947263,24,0.5181760435364896,Masters,Part-time,Single,Yes,No,Home,No,0
32,30254,129803,831,451,7,20.592016433455726,120,0.023439554482734694,PhD,Self-employed,Single,No,No,Auto,Yes,0
79,59238,140978,453,288,12,15.757928032026525,60,0.4944823724493575,Masters,Full-time,Married,No,No,Home,No,0
79,16252,300058,682,140,19,25.981924894618402,60,0.40760709857936156,High School,Unemployed,Married,No,Yes,Other,Yes,0
64,54764,373494,367,83,7,26.115034576326938,360,0.43659974382354855,Bachelors,Self-employed,Divorced,Yes,Yes,Other,No,0
79,92709,46379,513,390,10,1.2874101692434556,360,0.2875390614646537,Bachelors,Part-time,Divorced,Yes,No,Business,No,0
68,68682,472828,675,590,16,23.563342888012777,360,0.06517911817035352,High School,Full-time,Divorced,No,Yes,Auto,No,1
61,74494,246900,512,214,3,14.361274407008542,120,0.15467138688964177,PhD,Unemployed,Divorced,No,No,Other,Yes,0
72,96317,259517,378,525,10,29.67637569780623,240,0.7605957705701374,High School,Self-employed,Divorced,No,Yes,Education,No,0
69,80215,431866,680,214,6,15.01373020038762,24,0.3269596498167472,PhD,Unemployed,Divorced,Yes,Yes,Education,No,0
74,93587,441097,357,402,18,29.619982416260626,120,0.37334652466469137,Bachelors,Full-time,Married,No,Yes,Education,Yes,0
20,21949,309557,325,127,18,22.88251147496636,12,0.042167831882751194,PhD,Full-time,Divorced,Yes,No,Home,Yes,0
54,70393,138084,746,476,5,8.209541653785884,60,0.030052983635184473,High School,Part-time,Married,No,Yes,Home,No,0
68,40934,182187,365,403,7,16.613454399321775,360,0.5737451576374062,High School,Full-time,Married,No,No,Education,Yes,1
24,90745,270295,553,28,2,29.771933544878898,36,0.43047573129688904,High School,Self-employed,Single,No,No,Business,Yes,1
38,109456,58716,343,337,11,25.868387624805788,12,0.40696478737301334,PhD,Unemployed,Married,Yes,Yes,Business,Yes,0
26,68413,356891,396,360,13,3.823639919945412,360,0.19449962433813495,PhD,Full-time,Married,Yes,No,Home,No,0
56,112239,224725,526,568,5,21.484787907489885,240,0.5958005853039378,PhD,Full-time,Divorced,Yes,No,Education,Yes,0
35,57318,168450,735,391,6,11.021807990253578,12,0.13458926328679352,Bachelors,Self-employed,Married,Yes,Yes,Business,No,0
21,85390,174724,678,217,14,1.2024855945300954,120,0.15194779492881605,Masters,Unemployed,Divorced,Yes,No,Home,Yes,0
42,58088,204502,477,573,12,12.700948101782988,24,0.3685697370786204,Masters,Unemployed,Divorced,Yes,No,Education,Yes,0
77,118196,145539,726,201,4,7.807878230024167,60,0.22902388968955273,High School,Part-time,Divorced,No,Yes,Auto,No,0
31,70479,425226,606,16,6,24.747208845093674,240,0.1979703849865171,Bachelors,Part-time,Single,Yes,Yes,Education,Yes,0
67,34963,122999,803,321,10,10.782587656527198,240,0.5161901156426654,PhD,Unemployed,Divorced,No,Yes,Education,Yes,0
75,70123,115793,567,517,18,24.998187124660696,36,0.5207773961748356,High School,Self-employed,Married,Yes,No,Other,Yes,0
26,140911,448907,307,569,15,1.0173402262090638,12,0.6596136558399435,Bachelors,Self-employed,Divorced,No,No,Other,Yes,1
43,117468,458373,807,324,8,9.926755350757455,36,0.3341668535783807,High School,Part-time,Divorced,No,Yes,Auto,No,0
70,88477,371321,775,411,9,7.993791214925096,24,0.058468072820920196,Bachelors,Full-time,Divorced,Yes,No,Auto,No,0
19,29388,13289,596,317,5,7.773453470989718,360,0.21893310793716614,Bachelors,Self-employed,Single,No,Yes,Education,No,0
37,20569,177048,463,81,10,2.9774119731984183,24,0.7840043705574535,Masters,Full-time,Married,Yes,Yes,Business,No,0
45,84836,175668,784,473,6,6.42660384190455,360,0.4770068601861617,High School,Self-employed,Single,Yes,Yes,Auto,No,0
64,119573,417387,371,467,16,17.110937526682978,36,0.5677896678408162,PhD,Unemployed,Married,Yes,No,Education,No,1
77,60002,232513,537,424,3,9.44947111229459,60,0.005886263700331629,Masters,Part-time,Single,Yes,No,Home,No,0
24,39071,258368,403,203,10,13.10444868754529,24,0.41456458574601673,Masters,Full-time,Married,No,Yes,Other,Yes,0
61,73243,87365,509,582,11,11.929139530068467,36,0.0300229260254425,PhD,Full-time,Single,Yes,Yes,Business,No,0
78,140827,231662,767,386,11,26.40124282499694,12,0.4553841696731584,Bachelors,Unemployed,Divorced,No,No,Education,No,0
25,123215,377158,753,97,17,27.25367097130495,36,0.7366166797088604,PhD,Self-employed,Single,No,Yes,Home,No,0
64,116570,176211,567,344,4,15.295752178019942,36,0.7747353044003263,High School,Full-time,Single,No,No,Other,Yes,0
52,84724,180785,685,207,4,10.574522559152527,120,0.43244214031113937,PhD,Self-employed,Divorced,Yes,Yes,Home,No,1
31,130359,423950,686,513,17,4.097220416068545,24,0.3665638442017728,Bachelors,Unemployed,Divorced,No,Yes,Education,No,0
34,90697,73588,558,585,9,28.648683502080754,60,0.7560136753987953,PhD,Part-time,Married,Yes,No,Auto,No,0
53,43732,64646,582,165,19,2.7465814021086263,60,0.5388878655973561,Bachelors,Full-time,Married,No,No,Other,Yes,0
67,136465,266798,339,21,5,9.631858049480133,120,0.051919423630727574,Bachelors,Self-employed,Married,Yes,No,Home,No,0
57,72108,483238,785,153,6,9.64391983393012,360,0.3725804621339981,High School,Full-time,Single,Yes,No,Auto,Yes,0
21,126195,281887,519,438,3,10.291637298066233,240,0.19219601477144313,PhD,Self-employed,Married,Yes,No,Business,Yes,0
19,118081,311512,428,294,1,5.764318454899869,360,0.3758434571589453,PhD,Self-employed,Single,Yes,Yes,Education,Yes,0
79,51668,222097,819,218,16,23.711681496787218,60,0.3643724576050894,High School,Self-employed,Single,No,Yes,Education,Yes,0
23,38061,206244,559,494,11,4.552437997013687,36,0.46571584225179363,Bachelors,Unemployed,Married,No,No,Other,No,0
71,94252,400657,665,229,13,19.41229311544172,120,0.285416392279401,PhD,Part-time,Married,Yes,No,Home,Yes,0
59,54749,120735,843,19,10,4.591534774468706,12,0.13141635956474246,High School,Full-time,Single,No,Yes,Business,Yes,0
21,145560,156683,823,552,3,3.0455334901957403,24,0.40297554767196503,Bachelors,Part-time,Divorced,Yes,Yes,Other,No,1
71,119680,383035,315,147,9,27.373455606890417,24,0.6641623074766096,High School,Self-employed,Divorced,Yes,No,Other,Yes,0
46,66745,108971,428,107,12,6.513734223242465,24,0.5312097824540819,PhD,Self-employed,Single,No,No,Home,Yes,1
35,123464,13149,408,402,14,24.816254482231425,36,0.2706942927401727,High School,Part-time,Married,Yes,Yes,Business,Yes,0
43,106865,363246,832,595,1,16.79429526210694,12,0.7484184182070859,Masters,Part-time,Single,Yes,No,Home,Yes,0
61,127428,322333,568,482,18,3.2578390686543184,120,0.7297660569993458,Bachelors,Full-time,Single,Yes,Yes,Education,Yes,0
51,38624,239976,461,366,17,28.707997551703958,120,0.16747871950727902,Masters,Self-employed,Married,Yes,Yes,Auto,Yes,0
27,38321,415891,559,413,9,8.161873842764884,24,0.031534068096290384,Masters,Part-time,Divorced,Yes,No,Education,No,0
79,37574,334175,401,308,9,25.92971501522559,12,0.5930469666806099,Bachelors,Unemployed,Single,No,Yes,Education,No,0
53,133831,43668,805,133,10,5.895490167752361,12,0.6620882090793226,Bachelors,Self-employed,Divorced,No,Yes,Other,No,0
31,110257,407889,546,282,19,25.76434358211373,12,0.7742916527610842,High School,Self-employed,Divorced,No,Yes,Education,No,0
48,79291,470882,836,72,15,1.3836355742535256,60,0.7118691152706487,Bachelors,Full-time,Married,Yes,No,Business,Yes,0
65,142600,89204,430,480,5,15.84163324051494,60,0.4804278145651319,Masters,Unemployed,Single,Yes,Yes,Education,Yes,1
32,65428,212830,652,351,15,23.31383480322515,24,0.4240418713699047,Masters,Full-time,Single,Yes,No,Business,Yes,0
25,146374,197501,495,559,2,28.10907000729072,12,0.022272841010069034,PhD,Unemployed,Divorced,Yes,Yes,Home,No,0
31,146127,417885,681,325,13,27.366861949988124,240,0.19732515747582227,Bachelors,Full-time,Divorced,Yes,Yes,Other,No,0
40,126317,166140,526,442,16,24.769121216881704,12,0.36769180138634117,Masters,Unemployed,Married,Yes,Yes,Business,Yes,1
77,142449,220861,775,99,15,26.75754914017782,120,0.5028031200668542,PhD,Unemployed,Divorced,No,Yes,Education,Yes,0
74,43699,141507,776,58,10,6.777370889275218,120,0.44580146665472853,PhD,Unemployed,Married,Yes,Yes,Other,No,0
79,88686,226160,564,507,14,9.241344575640134,24,0.5941087917453525,High School,Part-time,Single,No,No,Other,No,0
57,82661,184321,671,257,10,9.380087222710698,240,0.2238135447096327,Masters,Self-employed,Married,Yes,No,Business,No,0
38,59247,38384,785,412,14,11.934563999049265,12,0.45196208612197863,High School,Unemployed,Divorced,No,Yes,Business,No,0
33,120113,82929,733,451,9,12.406299441170471,360,0.0705137947126337,Masters,Part-time,Single,Yes,No,Auto,Yes,0
62,19621,391103,510,64,14,16.792104414985587,240,0.3309324188665656,High School,Part-time,Married,No,No,Auto,No,1
35,33030,77153,676,594,3,5.6365131376268005,24,0.6001286663636809,High School,Full-time,Single,No,Yes,Other,No,1
64,97838,236128,694,153,16,21.04615324979369,120,0.5547206827432353,Bachelors,Self-employed,Married,Yes,No,Auto,Yes,0
70,99717,76388,749,265,2,5.859429639830688,360,0.7925141897377432,High School,Self-employed,Divorced,Yes,No,Education,Yes,0
41,53638,32401,663,78,10,9.998945981031879,120,0.22231290079020483,Bachelors,Full-time,Divorced,No,No,Home,Yes,0
43,82067,203903,756,314,3,15.597008787578467,60,0.39855143933918336,PhD,Self-employed,Single,Yes,No,Other,No,0
42,133033,120503,525,559,11,24.09677628418084,24,0.2636243310191974,Masters,Full-time,Single,Yes,Yes,Home,No,0
77,120977,233601,430,247,11,22.44460776392309,24,0.3524824912473398,PhD,Part-time,Single,Yes,No,Auto,No,0
77,103869,128834,775,413,13,19.720496335905146,12,0.6855601038955106,Masters,Part-time,Married,No,Yes,Business,No,1
77,120186,35084,576,24,7,5.517424556824935,12,0.5473672601507893,PhD,Unemployed,Divorced,Yes,Yes,Other,Yes,0
62,49674,252459,455,283,17,16.864315022851756,60,0.7059529530780654,Masters,Full-time,Single,No,No,Auto,Yes,0
58,61271,111641,517,448,2,3.535948552196678,360,0.1628088866655092,High School,Part-time,Single,No,Yes,Education,No,0
46,88688,106111,489,300,12,11.943532127102872,36,0.6986888942731504,Masters,Part-time,Single,Yes,No,Other,No,0
32,126076,450042,716,67,10,12.991979378408816,240,0.04780981934270754,Masters,Full-time,Married,No,Yes,Other,No,0
62,16062,430667,845,6,18,2.154531743926861,36,0.710879424349722,PhD,Part-time,Single,Yes,No,Business,Yes,0
18,65448,139299,340,136,11,8.945654884629182,36,0.26325902356858233,PhD,Self-employed,Single,Yes,No,Other,No,0
42,110462,163982,606,163,16,28.71383455072819,24,0.2516701067312532,PhD,Part-time,Married,No,Yes,Business,Yes,0
24,62915,299185,637,82,17,28.655345627060996,240,0.40967086135893116,Bachelors,Full-time,Married,No,No,Auto,No,0
26,19632,352064,613,419,19,11.21748457332364,24,0.7525521501785855,Bachelors,Self-employed,Single,No,No,Education,Yes,0
41,119592,328825,374,72,18,2.2499031595013976,240,0.0382250917451243,Masters,Self-employed,Single,No,No,Education,Yes,0
18,149668,235386,578,236,3,6.193753240517265,120,0.28178478005659624,Masters,Part-time,Married,No,No,Other,No,0
61,124779,344715,475,45,16,12.374316009572663,24,0.6852575909466686,High School,Unemployed,Divorced,Yes,Yes,Other,Yes,0
25,123099,197553,572,261,6,28.485611241107662,24,0.3168435819483734,High School,Self-employed,Married,No,Yes,Auto,Yes,0
41,22561,462792,588,175,12,5.0947728425783625,24,0.1593255180776536,Masters,Full-time,Divorced,Yes,Yes,Business,No,0
28,97152,261337,571,165,11,23.141959466378154,360,0.33983534506512947,Bachelors,Unemployed,Single,Yes,No,Education,Yes,0
68,140036,128556,365,369,15,4.15179364186607,60,0.3084420011933355,Masters,Unemployed,Single,No,Yes,Business,No,0
34,139049,196246,782,53,15,29.45646974434703,24,0.7323329611733628,High School,Self-employed,Divorced,No,No,Auto,Yes,0
25,41734,27160,547,418,16,12.066878474164914,12,0.6095475005944777,Bachelors,Part-time,Married,No,No,Education,Yes,0
52,41069,247242,455,506,10,23.481801628072624,12,0.4040924445952051,Bachelors,Unemployed,Single,No,No,Education,Yes,0
52,27910,18633,346,340,12,10.935141401522824,240,0.7906964533772569,High School,Part-time,Divorced,No,Yes,Home,Yes,0
50,88479,489096,753,126,13,19.202397437605452,120,0.37222202502073864,Masters,Self-employed,Married,Yes,Yes,Auto,No,0
76,96264,280158,500,408,4,6.568466457461065,60,0.04659026465622018,PhD,Full-time,Divorced,Yes,Yes,Auto,No,0
22,38275,343676,423,366,7,5.234609559611914,360,0.20981945745198793,Masters,Unemployed,Married,Yes,Yes,Home,No,0
59,87274,50104,300,270,2,28.203860047475807,240,0.3488563841754501,Masters,Full-time,Married,No,No,Business,Yes,0
56,115776,435837,490,378,15,27.61177105922857,12,0.1255220993168961,High School,Part-time,Married,No,Yes,Home,Yes,1
75,63447,340375,815,72,8,26.736599266173588,60,0.7580521010592345,Bachelors,Part-time,Married,Yes,Yes,Auto,No,0
58,141394,69388,741,247,7,19.13757005483121,60,0.6134791182542185,High School,Full-time,Divorced,No,Yes,Business,No,1
45,90703,17014,442,42,15,24.43977812527207,120,0.21462976034221815,Masters,Self-employed,Divorced,No,Yes,Education,No,0
24,91090,93578,490,376,14,3.0020711704298724,60,0.4726436268143327,PhD,Self-employed,Divorced,No,No,Home,No,0
26,32260,165827,832,40,8,10.708882214829696,24,0.5771593256876576,PhD,Unemployed,Divorced,Yes,Yes,Business,Yes,1
25,127581,41390,526,169,12,10.097390617957531,60,0.7530231431254384,PhD,Unemployed,Divorced,No,Yes,Business,No,0
29,18812,286855,612,211,13,19.433714336625783,120,0.7053082793403286,High School,Self-employed,Married,Yes,Yes,Business,Yes,0
51,131148,92658,601,492,11,11.322775430648575,240,0.412153780910571,Bachelors,Self-employed,Single,No,No,Home,No,0
50,131421,58993,759,38,17,5.306696667666744,120,0.6197220958344141,High School,Full-time,Single,No,Yes,Education,Yes,1
65,16605,206768,700,368,17,18.297545186992767,360,0.44971580306206804,PhD,Part-time,Divorced,Yes,Yes,Business,No,0
72,87303,159285,692,150,4,24.617133699403364,120,0.4421631120364321,Masters,Part-time,Divorced,No,Yes,Home,No,0
40,91125,247860,506,110,8,12.081581339339222,12,0.09179356667055352,Bachelors,Unemployed,Single,No,No,Auto,Yes,0
79,139040,499172,509,479,5,4.83579273785597,24,0.10091012641292166,High School,Self-employed,Married,No,No,Home,Yes,0
41,19324,452000,414,435,16,6.703957722071869,12,0.423626892017966,High School,Full-time,Divorced,Yes,Yes,Home,No,0
54,91323,270565,550,46,4,7.887015849912135,240,0.21508923598320528,Bachelors,Unemployed,Married,No,Yes,Home,Yes,0
52,24111,219008,518,574,15,9.69703019684155,36,0.016829521968374905,Bachelors,Full-time,Single,No,No,Business,No,0
61,31389,493289,706,365,12,19.641057044682963,240,0.5782713631201698,Masters,Self-employed,Single,No,No,Home,Yes,0
57,137177,18727,742,68,5,18.42741905159385,24,0.025989277352131968,Bachelors,Self-employed,Divorced,No,No,Auto,No,0
39,56427,375562,653,298,16,21.186315985444136,60,0.4762214728832437,Masters,Self-employed,Married,No,No,Business,No,0
44,137883,5358,849,295,14,11.512557551413881,120,0.43135503530185154,PhD,Part-time,Divorced,Yes,No,Auto,No,0
52,146189,328252,441,202,10,24.895931904519372,36,0.7750517524622436,PhD,Self-employed,Single,Yes,Yes,Other,No,0
18,140808,258681,800,60,7,6.918542173517048,24,0.38737051147811336,High School,Unemployed,Married,No,Yes,Home,No,0
52,127221,95018,846,313,13,14.602181678026465,12,0.05088114910223789,PhD,Part-time,Divorced,No,Yes,Business,No,0
54,28234,387601,841,160,5,24.22722292470148,120,0.4413503742451694,PhD,Full-time,Divorced,Yes,Yes,Business,No,0
64,68441,426333,806,330,3,6.2246007842459585,240,0.6728769364928812,Masters,Unemployed,Divorced,No,No,Home,No,0
31,15846,482916,580,527,15,4.186030298482706,12,0.797479427425152,High School,Unemployed,Single,No,No,Education,Yes,0
20,25954,295054,723,337,4,26.626835062951702,24,0.34427453895125804,Bachelors,Full-time,Divorced,No,No,Education,Yes,0
18,94239,127888,569,303,15,10.94496022001668,24,0.256238993997394,High School,Part-time,Married,No,No,Auto,Yes,0
22,61514,230104,453,502,14,20.832233622361926,240,0.7253226375615992,PhD,Unemployed,Divorced,No,No,Home,No,0
43,103236,318898,382,337,19,1.735109523654216,36,0.15299370326089712,Bachelors,Unemployed,Single,No,Yes,Home,No,0
72,112579,194510,725,549,13,21.01135976387404,240,0.49234313202634133,High School,Unemployed,Divorced,No,Yes,Other,No,1
31,57101,110847,574,274,10,10.166938034862145,60,0.3245715393447582,High School,Part-time,Single,No,Yes,Education,Yes,0
56,79323,423587,583,163,5,2.6164847540358105,12,0.03286589196444423,High School,Part-time,Single,Yes,Yes,Education,Yes,0
44,106922,445717,472,442,6,18.684570084895395,36,0.2778307794445582,High School,Part-time,Married,Yes,Yes,Home,Yes,0
26,142534,455162,626,318,4,7.983310666122025,120,0.21218281800213967,Masters,Unemployed,Married,No,No,Auto,Yes,0
32,82584,301611,362,588,2,12.21741001950452,360,0.5488729231547895,High School,Self-employed,Divorced,No,No,Home,Yes,0
32,119537,411841,372,503,16,3.336843556308894,60,0.7590323981535345,PhD,Full-time,Single,No,No,Auto,No,0
43,93477,297037,674,386,18,5.267734281753414,36,0.2144377499029102,PhD,Self-employed,Single,No,No,Education,Yes,0
59,57533,77329,807,493,5,9.641339829379469,360,0.6491727513213454,Masters,Part-time,Married,Yes,No,Other,No,0
77,16828,32007,697,489,4,3.603025516244557,360,0.04428785355072762,Bachelors,Unemployed,Married,Yes,Yes,Business,No,0
30,16917,485518,419,72,13,27.413961675903142,12,0.43049680803185053,Bachelors,Unemployed,Divorced,Yes,Yes,Education,No,0
68,35618,171604,736,508,19,1.175364252335374,24,0.05644005096791567,PhD,Self-employed,Single,Yes,Yes,Auto,Yes,0
49,47254,317397,764,389,2,15.03194634706503,120,0.7472263929045115,PhD,Self-employed,Married,No,No,Home,Yes,1
56,120292,13323,585,294,13,4.574176285843992,240,0.6130810244459122,Masters,Full-time,Divorced,No,No,Education,No,0
66,62362,374479,564,368,11,9.922693594860508,12,0.5263599289636739,Bachelors,Unemployed,Single,No,No,Other,Yes,0
69,35128,113356,619,548,4,27.8557272347297,60,0.6591171052997314,Bachelors,Self-employed,Single,Yes,No,Auto,Yes,0
78,138781,111944,675,567,15,5.689142044945619,360,0.5180158364561306,High School,Full-time,Married,No,Yes,Home,No,0
49,80545,205451,388,186,4,29.009137271831644,60,0.7751555177394329,High School,Part-time,Divorced,No,No,Business,No,0
21,97180,408426,502,444,9,6.96803693269323,360,0.5711663582918173,High School,Self-employed,Married,Yes,Yes,Auto,No,0
47,102958,279600,633,569,7,22.505417145538058,24,0.7397268876657974,Masters,Part-time,Divorced,Yes,No,Home,No,0
54,148291,32367,521,362,19,16.85364068202204,24,0.41370551360851043,PhD,Full-time,Single,Yes,Yes,Business,No,1
40,54809,55624,340,122,19,26.649883100306017,120,0.09365153038549012,Masters,Part-time,Divorced,Yes,No,Home,Yes,0
56,131748,404322,367,187,6,17.065804409590797,240,0.4225421771384137,Bachelors,Unemployed,Divorced,Yes,No,Business,No,0
62,20287,235565,813,419,6,16.50221735553295,120,0.10149826245047465,PhD,Unemployed,Divorced,No,Yes,Business,Yes,0
32,23512,69008,426,251,15,6.668282010683597,24,0.47399478334112405,High School,Part-time,Divorced,No,Yes,Business,Yes,1
60,147414,389070,554,548,15,5.820651499498103,24,0.3859944484221304,Masters,Unemployed,Divorced,Yes,No,Home,No,0
46,123872,378539,315,334,9,27.57818538234991,60,0.4980603182662254,Masters,Full-time,Married,No,Yes,Business,No,0
53,108070,117492,776,91,4,10.507307766650989,24,0.008037584843865275,High School,Unemployed,Divorced,No,No,Auto,Yes,1
30,94767,73240,361,529,18,11.790385393923982,36,0.1558723933242913,Masters,Part-time,Divorced,No,No,Other,No,0
49,112829,327459,731,62,18,23.034886094423264,360,0.3930643455297047,High School,Part-time,Single,No,Yes,Other,Yes,0
24,57078,463465,567,511,5,10.825880990261414,12,0.760402849271308,Bachelors,Part-time,Divorced,Yes,No,Business,No,0
76,121288,202659,334,138,11,28.60981095253108,24,0.30688723228412673,PhD,Self-employed,Single,No,No,Other,No,1
68,98524,273900,793,184,5,22.39990530096521,120,0.33949762084290774,Bachelors,Part-time,Married,No,Yes,Other,Yes,0
39,27219,462227,768,204,4,18.32544803462918,240,0.5717568712052977,Bachelors,Full-time,Married,No,No,Business,Yes,0
45,15235,299522,624,213,12,26.545959655797823,360,0.48303420582889445,High School,Unemployed,Divorced,Yes,No,Business,No,0
19,57929,136327,603,255,2,2.438571342135,360,0.2391409200786666,Masters,Unemployed,Married,No,No,Auto,No,0
59,142309,408700,575,134,13,8.454818073487054,240,0.32865311645394224,Bachelors,Self-employed,Divorced,Yes,No,Education,No,1
62,82444,126703,500,572,10,14.486053692406388,240,0.17415983908578597,Bachelors,Self-employed,Married,Yes,Yes,Home,Yes,0
79,116834,319693,744,87,9,7.58237764467411,360,0.7728171673041668,Bachelors,Full-time,Divorced,Yes,Yes,Business,No,0
74,99555,166575,623,206,10,22.573250431762407,36,0.1045075052458878,Masters,Part-time,Divorced,Yes,Yes,Business,No,1
70,88698,336938,334,128,7,27.65703290055803,120,0.29746942765313555,Masters,Self-employed,Single,No,No,Other,No,0
23,139450,494948,781,2,4,13.289333477996779,36,0.020671177776008954,High School,Unemployed,Single,Yes,Yes,Auto,No,0
45,58925,308257,779,120,19,10.921845403244953,24,0.17742359354683712,Bachelors,Self-employed,Single,Yes,Yes,Other,Yes,1
45,102388,499946,364,384,10,28.88497123198942,12,0.6243769107041239,PhD,Self-employed,Single,Yes,Yes,Business,Yes,0
61,23007,75069,307,37,3,13.900720551998685,240,0.1609401858311036,Masters,Part-time,Divorced,Yes,No,Business,Yes,0
61,73596,230189,600,340,19,15.182403613029214,120,0.06405072202317248,High School,Self-employed,Married,Yes,Yes,Other,No,0
37,136101,399465,642,20,2,11.197846297915255,240,0.37956254387561866,Bachelors,Full-time,Divorced,No,Yes,Business,No,0
47,103861,252051,730,241,10,27.376905717352013,36,0.007975387787614797,PhD,Unemployed,Single,Yes,No,Education,No,1
79,101740,413417,723,454,2,17.49970901517367,60,0.06781292354106654,Masters,Part-time,Single,No,No,Home,Yes,0
28,30524,126541,631,302,2,23.103063028267695,24,0.6461006956503801,PhD,Unemployed,Married,No,No,Home,Yes,0
75,146149,190648,737,595,17,24.542394832175706,12,0.6171786758876852,Masters,Full-time,Single,Yes,No,Home,Yes,0
72,140501,257353,473,594,16,10.913622215600487,24,0.7321110563239168,High School,Full-time,Divorced,No,No,Education,Yes,0
45,35611,272830,826,68,16,13.577135608291021,60,0.6836123487285997,PhD,Self-employed,Divorced,No,No,Business,No,0
42,29060,316507,325,128,14,25.605681457781674,12,0.5465404505918545,Bachelors,Self-employed,Divorced,No,Yes,Other,Yes,0
56,58303,360687,705,195,7,11.534405198598497,60,0.04186628584053027,Bachelors,Self-employed,Divorced,Yes,Yes,Auto,Yes,1
79,54711,132733,531,139,11,24.02411887010369,24,0.626278894389326,Masters,Unemployed,Divorced,Yes,No,Business,No,0
50,88340,176915,832,443,1,28.288777354658677,36,0.6764086486724484,Bachelors,Full-time,Married,Yes,No,Education,Yes,0
18,117974,96673,849,282,11,19.0731008189722,360,0.6392657166175636,PhD,Part-time,Divorced,Yes,Yes,Education,No,0
74,82728,455179,804,311,4,22.50719133610478,24,0.4067832282464209,High School,Self-employed,Single,Yes,No,Home,No,0
44,26246,43828,478,534,7,24.34782204919291,24,0.18632147091958534,Masters,Unemployed,Single,Yes,No,Business,No,0
79,142796,311748,431,276,15,25.506149818002633,24,0.6762639805509814,PhD,Self-employed,Single,Yes,Yes,Home,No,0
74,107263,273670,754,60,18,12.456546797847084,120,0.5817302477921108,Masters,Full-time,Single,No,No,Auto,No,0
69,26302,332054,647,318,12,2.486640316103947,60,0.7846089395110813,High School,Part-time,Married,No,No,Home,Yes,0
30,82506,26592,839,51,17,12.654411865865447,60,0.12455407820474634,Masters,Full-time,Single,Yes,Yes,Auto,Yes,0
58,56157,292126,705,152,1,20.538930663738604,240,0.18053166644164406,Bachelors,Unemployed,Married,No,Yes,Education,No,1
20,69917,263351,375,310,11,14.06016118764299,60,0.16943851990520217,Bachelors,Self-employed,Single,Yes,Yes,Home,Yes,0
56,111646,233041,791,543,1,22.719931374951557,240,0.6340318140970694,Masters,Full-time,Married,Yes,Yes,Home,No,0
23,98122,351877,493,566,15,11.352490454591253,120,0.14952583716009454,High School,Unemployed,Married,Yes,Yes,Other,Yes,0
25,39519,231008,461,388,10,19.407580092016858,36,0.05332786385864488,High School,Self-employed,Married,No,No,Education,Yes,0
44,95910,125982,646,547,7,6.406174340765263,240,0.798848645268503,Bachelors,Part-time,Single,Yes,No,Other,Yes,0
26,135430,257911,660,176,2,22.73171366270375,24,0.01985376915611932,High School,Full-time,Married,Yes,No,Auto,Yes,0
79,86324,69619,386,361,10,16.82518309557775,36,0.6681952481270925,Masters,Self-employed,Divorced,Yes,No,Auto,Yes,0
54,20408,161400,561,313,4,6.917867267851417,360,0.29229347324052224,PhD,Self-employed,Divorced,Yes,No,Education,Yes,0
50,74379,309623,513,96,12,9.465424031436411,120,0.6732923678062522,Masters,Self-employed,Single,No,Yes,Auto,Yes,0
68,40053,152175,561,212,19,22.709652548873137,60,0.443696392968916,Bachelors,Self-employed,Divorced,Yes,No,Education,No,0
59,146994,171963,582,136,11,14.9954358341841,240,0.7213049835890881,Bachelors,Full-time,Divorced,No,No,Auto,No,0
61,113723,142826,766,5,8,7.264911771399094,24,0.7409543891317014,Bachelors,Self-employed,Divorced,No,No,Business,No,0
41,66356,232055,679,108,18,29.05086452073863,12,0.007278545024620798,High School,Unemployed,Single,Yes,No,Home,Yes,0
32,25789,344581,661,546,11,21.73862557468975,360,0.06032974079423062,Masters,Full-time,Single,Yes,No,Business,Yes,0
76,112720,99540,748,38,11,28.75691014365409,12,0.2002869836566844,PhD,Self-employed,Divorced,No,Yes,Education,No,0
71,81656,336126,740,424,13,13.386046315449953,36,0.5354523330908013,Masters,Full-time,Single,No,No,Education,No,0
49,59028,103747,392,260,3,14.777909880059894,60,0.7106177572092048,PhD,Unemployed,Married,No,No,Business,Yes,0
49,79484,187994,723,425,12,27.040701269365556,12,0.36795356103517024,Masters,Unemployed,Divorced,No,No,Home,No,0
41,47154,311375,441,86,3,16.226430867116154,36,0.48557849301941236,Bachelors,Full-time,Single,Yes,No,Home,No,0
58,17336,30301,590,464,10,21.51108844526435,120,0.1507998822364489,PhD,Self-employed,Single,No,No,Other,No,1
69,118677,223724,731,75,17,8.31301344737037,36,0.6439734671053483,Masters,Self-employed,Divorced,No,No,Auto,No,0
66,82779,194783,348,470,2,13.955067592376576,360,0.7738624890827759,High School,Unemployed,Single,No,Yes,Other,Yes,0
79,34029,173395,601,413,17,4.580046108500298,36,0.21487914633167798,High School,Self-employed,Divorced,No,No,Home,No,0
66,74201,19752,489,456,16,6.973421040431889,360,0.39586076128043707,Masters,Unemployed,Single,Yes,Yes,Business,No,0
75,47265,492128,435,284,2,1.0273590427613015,36,0.06889288840509904,Bachelors,Self-employed,Married,Yes,Yes,Auto,No,0
69,117916,214277,703,238,6,2.138686497811147,24,0.44730932517037475,PhD,Unemployed,Divorced,Yes,No,Business,No,0
29,61197,361596,640,598,10,29.34123087213095,36,0.4022267534773445,Masters,Part-time,Married,No,No,Other,Yes,0
79,140733,145467,617,557,10,8.028257158966106,240,0.11554918732406208,High School,Self-employed,Divorced,No,No,Education,No,0
56,86907,218029,662,371,8,20.236010575616056,36,0.35365297049446004,PhD,Self-employed,Single,Yes,Yes,Business,No,0
19,143876,384381,681,494,1,25.333891265188736,24,0.26728372166925063,High School,Self-employed,Married,Yes,No,Other,No,0
20,79435,57273,532,44,13,16.969153317860364,24,0.4174647002441515,High School,Full-time,Single,No,No,Other,No,0
66,55631,259503,643,400,9,5.441190502434729,120,0.4685234683430394,Masters,Self-employed,Divorced,Yes,No,Other,No,0
54,144038,92878,848,246,10,22.115376682748824,360,0.006796462885767607,High School,Full-time,Divorced,No,Yes,Education,Yes,0
66,35103,268039,828,596,15,18.407290892887907,60,0.6088047863596443,PhD,Full-time,Divorced,No,Yes,Education,No,0
73,79772,120968,482,449,5,22.206267091073876,12,0.5704114334893927,Bachelors,Unemployed,Divorced,No,No,Education,No,0
34,141108,378844,340,484,16,23.32265206285553,12,0.2930291089652178,Masters,Full-time,Divorced,No,Yes,Auto,Yes,0
76,29382,77559,696,17,13,29.286900662857608,36,0.04234874845505461,PhD,Full-time,Married,No,No,Education,No,0
66,99291,11699,793,288,18,17.63333512077459,120,0.6039460318280403,Masters,Part-time,Divorced,No,Yes,Education,Yes,0
19,116195,197133,632,413,11,10.907592268027454,36,0.764140128382506,High School,Self-employed,Single,Yes,No,Education,No,0
19,149828,10715,426,234,9,19.805472150106876,12,0.19212127681761137,High School,Full-time,Married,Yes,Yes,Business,Yes,1
45,35609,20169,300,415,16,2.984780568036158,360,0.2588196909896303,PhD,Self-employed,Single,Yes,No,Education,Yes,0
71,90683,119413,467,498,2,27.024522231326003,360,0.14705031158545198,PhD,Full-time,Divorced,No,No,Auto,No,0
40,139714,410379,318,114,2,4.462049328807707,360,0.4615488986758718,Bachelors,Unemployed,Single,Yes,Yes,Other,Yes,0
54,145330,120264,631,233,12,10.50744229868873,24,0.12387311571796396,PhD,Part-time,Married,No,Yes,Business,No,0
49,86315,268926,755,539,8,24.656616038157505,60,0.28495515476910355,PhD,Full-time,Married,No,Yes,Home,Yes,0
50,92834,220249,408,10,9,18.322058971590643,120,0.5576104111474104,Masters,Self-employed,Married,No,Yes,Education,Yes,1
18,141205,125481,567,205,12,12.41543008804582,24,0.44809278640747874,High School,Unemployed,Single,No,Yes,Other,No,0
36,29153,216400,744,246,9,14.729634121875621,60,0.3091700514623482,PhD,Self-employed,Married,Yes,No,Other,Yes,1
79,91325,36585,539,558,10,25.78187440286323,120,0.3361996814460335,Bachelors,Unemployed,Single,Yes,No,Business,No,0
19,70318,293826,600,126,2,10.860127195736872,120,0.44968870609858363,PhD,Part-time,Divorced,Yes,Yes,Home,Yes,0
70,146886,179936,402,146,16,26.219840859552967,12,0.004691782309729043,High School,Unemployed,Divorced,No,No,Auto,Yes,0
61,130033,393136,549,117,7,3.555898498324053,24,0.06280789476288788,PhD,Self-employed,Single,Yes,No,Other,No,0
43,91077,347560,752,381,2,23.52715467905029,120,0.7050064542104093,Masters,Self-employed,Married,Yes,Yes,Other,No,0
49,105474,449330,819,411,1,25.578881358587353,240,0.06230319127303261,High School,Full-time,Single,Yes,No,Other,Yes,0
23,148515,390954,452,583,19,6.2727119322828235,360,0.5654428769684041,PhD,Unemployed,Single,No,No,Other,No,0
49,88319,39067,473,362,4,13.480049438793813,120,0.7360305312872422,Masters,Self-employed,Single,Yes,Yes,Business,No,0
72,140885,174757,642,508,2,5.799493465246013,60,0.2165468834413849,High School,Full-time,Divorced,No,Yes,Home,Yes,0
21,124777,254334,730,136,14,21.491519740832317,12,0.29639314964761143,PhD,Part-time,Single,Yes,No,Other,Yes,0
72,32368,19073,623,174,2,16.525085273788044,36,0.45513712467577305,Masters,Self-employed,Divorced,No,Yes,Auto,No,1
28,106751,37035,719,288,15,19.42437705454131,360,0.7053671757108678,Bachelors,Full-time,Single,Yes,No,Auto,Yes,0
73,42306,197049,784,480,12,6.698122041730123,12,0.7535244698083362,Masters,Self-employed,Divorced,Yes,Yes,Education,No,0
76,52219,234782,711,18,5,7.140629999520166,36,0.5916505984890145,Bachelors,Unemployed,Single,Yes,Yes,Other,No,1
34,75279,91373,383,194,7,2.2034224397872846,24,0.06929580868375522,PhD,Full-time,Single,No,Yes,Other,No,0
55,68028,346506,412,329,10,10.339958520676163,24,0.5353233244278807,Masters,Unemployed,Married,Yes,Yes,Other,No,0
41,119263,91517,631,174,14,17.232595178676572,120,0.3282429774981297,Bachelors,Part-time,Married,Yes,No,Other,No,0
22,15126,66450,677,448,14,25.880112505922536,240,0.37656079959284927,High School,Unemployed,Single,No,Yes,Other,No,0
69,67329,11382,340,353,5,20.34089597630174,24,0.039318712276141636,Masters,Full-time,Single,No,Yes,Auto,Yes,0
51,42632,398653,404,498,18,13.62649337859279,120,0.15284971147708656,PhD,Self-employed,Single,No,No,Home,No,0
23,124945,203043,501,140,14,28.640483317429997,360,0.6324108860269182,High School,Full-time,Single,No,No,Home,Yes,0
39,70176,458828,749,92,2,21.858110816699124,12,0.36316706643828783,Bachelors,Unemployed,Married,Yes,No,Education,No,0
28,149869,222427,565,238,12,27.97479088301395,24,0.2413297933049191,Masters,Unemployed,Divorced,Yes,No,Auto,Yes,1
65,49560,62929,509,204,6,16.300051224892805,12,0.30721525917196657,Masters,Self-employed,Single,No,Yes,Other,Yes,0
33,91589,234483,417,559,4,8.508223969001047,12,0.6835196106605442,PhD,Part-time,Married,Yes,No,Home,Yes,0
50,37116,229590,676,432,13,2.5319739045769376,240,0.5991992139239656,High School,Full-time,Single,No,Yes,Business,No,0
26,147717,362008,839,244,4,22.056460693031664,24,0.21785231774486624,Masters,Self-employed,Single,Yes,No,Business,Yes,0
77,139085,144401,383,316,14,4.517786942160489,12,0.09400147216989865,Masters,Self-employed,Divorced,No,Yes,Business,Yes,1
76,132718,257677,753,294,16,9.780478719887048,240,0.20159857731525738,High School,Self-employed,Single,Yes,No,Other,No,0
23,34256,288313,813,281,4,16.441656328633023,240,0.736605160843787,Masters,Full-time,Single,No,Yes,Other,Yes,1
33,115158,88468,686,16,1,17.368081045612684,24,0.4652710702798043,High School,Full-time,Divorced,No,Yes,Education,Yes,0
46,134719,35594,649,70,13,18.416912712626946,240,0.42678416699582633,High School,Full-time,Divorced,Yes,No,Education,No,0
20,83244,471173,595,268,4,5.821404580141318,24,0.47711487975396927,High School,Part-time,Divorced,Yes,Yes,Education,Yes,0
37,71264,192703,557,324,18,12.012384739827814,24,0.2928226125972122,PhD,Self-employed,Divorced,Yes,Yes,Business,Yes,1
77,72545,46033,380,304,6,18.898632586392033,36,0.6456856162556103,High School,Unemployed,Married,No,Yes,Other,No,0
76,54224,64133,567,450,3,29.12474707437976,12,0.4186289994401999,High School,Unemployed,Married,Yes,Yes,Business,Yes,0
53,112945,467381,718,6,13,22.10130299329097,60,0.09339832221503644,Bachelors,Self-employed,Married,No,No,Education,Yes,0
36,28224,74861,534,313,16,27.75550895572478,24,0.10325209986325037,Bachelors,Unemployed,Single,Yes,Yes,Other,Yes,0
43,55738,184362,610,102,5,23.104149691111136,12,0.4294873172020947,PhD,Part-time,Divorced,Yes,Yes,Auto,Yes,1
20,78731,488247,656,192,4,18.159792097879613,360,0.7492561744566714,High School,Part-time,Divorced,No,No,Home,No,0
36,23070,294894,512,573,8,6.568677704953992,240,0.24668169734095902,Bachelors,Full-time,Married,No,No,Home,No,0
37,141161,489371,348,528,19,20.333883904882878,120,0.6956329350873747,Bachelors,Full-time,Single,Yes,No,Education,No,0
49,23666,41461,426,170,14,19.078007412837305,24,0.6112764692631035,Masters,Full-time,Single,No,Yes,Business,No,0
24,72761,468016,522,536,7,18.471605943260727,240,0.1982499543255255,High School,Full-time,Single,No,Yes,Auto,Yes,0
69,51368,79222,578,250,14,15.203790171658982,240,0.029072598652993966,Bachelors,Full-time,Married,Yes,No,Other,No,0
58,56914,113020,707,386,6,16.331041515688995,240,0.0814778121139062,PhD,Unemployed,Single,No,Yes,Business,No,0
50,142738,287370,804,206,12,10.698833286425018,240,0.5827951470779522,Masters,Unemployed,Single,Yes,No,Education,Yes,0
57,82526,269865,593,540,16,16.060068086626792,240,0.15973579043251737,Masters,Full-time,Single,Yes,Yes,Business,Yes,0
56,34956,450370,576,415,17,6.729121264675869,24,0.29701673640431503,High School,Part-time,Divorced,No,No,Education,Yes,0
35,61240,21609,737,379,13,24.350057523450925,360,0.4013593328051399,High School,Unemployed,Married,Yes,Yes,Home,No,0
57,136008,446346,406,143,14,6.387531686262527,60,0.5803745347601302,Masters,Part-time,Divorced,No,No,Home,Yes,0
18,109270,131513,719,24,7,3.464022406794526,36,0.0905849786073003,PhD,Part-time,Divorced,Yes,Yes,Business,Yes,0
28,19757,204981,728,72,14,13.651134764357563,240,0.32509312422196923,High School,Self-employed,Married,No,No,Auto,Yes,0
45,34097,105211,674,92,15,20.090915745675794,240,0.38805832731415635,High School,Self-employed,Divorced,No,Yes,Other,No,0
74,118892,187321,372,504,12,13.6937879230727,36,0.43266165117723177,Masters,Full-time,Single,No,Yes,Education,No,0
42,85480,443111,329,597,17,9.02586982658795,360,0.6546885131161734,Masters,Part-time,Single,No,Yes,Other,No,0
67,61163,488689,487,335,9,17.186964332822782,360,0.13734255603457354,High School,Unemployed,Single,No,No,Home,No,0
40,34816,399872,663,424,15,11.063067726953799,24,0.6462651614612979,Bachelors,Self-employed,Single,Yes,Yes,Auto,No,0
48,67853,388009,750,498,12,28.05316301367236,12,0.5543027421573218,High School,Self-employed,Married,Yes,Yes,Auto,No,1
47,111731,337664,494,363,2,27.75670904850359,120,0.44469665135916747,Bachelors,Part-time,Divorced,No,Yes,Other,No,0
59,77823,457956,455,198,5,15.568782779190768,120,0.5596222963220575,Masters,Self-employed,Divorced,Yes,No,Home,Yes,0
52,16759,327453,471,412,13,10.508635826529497,12,0.3296141911613251,Bachelors,Self-employed,Single,No,Yes,Other,Yes,0
24,107374,30984,340,338,8,22.376840004742533,24,0.11071806877449966,PhD,Unemployed,Single,No,No,Business,Yes,0
77,148554,119947,362,428,14,2.0646753610089323,120,0.5326121922122938,Masters,Part-time,Divorced,Yes,Yes,Auto,No,0
33,39442,205894,322,138,15,14.768301175265886,360,0.41973784534849784,High School,Self-employed,Married,Yes,No,Auto,No,0
43,108501,6901,659,541,11,10.753378433839673,36,0.5114998404342205,High School,Part-time,Divorced,No,No,Business,Yes,1
65,17079,163624,374,56,1,27.695540667974086,12,0.27039902482279204,Masters,Self-employed,Single,No,Yes,Home,Yes,1
74,148789,223317,417,231,3,1.3480877909077937,360,0.7254932618718688,Masters,Unemployed,Single,No,No,Auto,No,0
69,74676,294199,679,434,17,17.03163139583212,60,0.46989589486046157,PhD,Part-time,Married,No,No,Education,No,0
77,105397,169757,589,383,19,22.479243850932153,24,0.06832198743269906,Masters,Self-employed,Divorced,No,Yes,Education,No,0
66,87847,468181,739,559,14,15.065521638197197,12,0.35984319256354297,High School,Unemployed,Married,No,No,Home,No,0
19,108607,146788,306,193,8,3.476687874718928,120,0.6050848437949075,PhD,Self-employed,Married,Yes,No,Business,No,0
18,79077,115099,495,533,13,29.201380310809164,24,0.635307649385818,High School,Part-time,Single,No,No,Other,No,0
65,53258,12138,720,517,3,16.02230250990684,36,0.39567764221100704,Bachelors,Self-employed,Divorced,No,No,Home,No,0
79,134771,167370,492,184,5,18.81140108525133,24,0.7157980566650409,Masters,Part-time,Single,Yes,Yes,Other,No,0
29,53000,445328,447,291,9,7.861683698517712,24,0.21413474975543806,Bachelors,Part-time,Divorced,No,No,Home,Yes,1
22,41737,24429,501,334,6,15.021444468097311,36,0.3284789577906133,High School,Self-employed,Single,No,No,Education,No,0
54,26485,51200,743,115,2,13.445335266791334,240,0.718877528455176,Bachelors,Unemployed,Single,Yes,Yes,Business,No,0
49,53565,203380,718,48,13,3.1719794180575285,36,0.7170053731772632,Bachelors,Full-time,Divorced,No,Yes,Education,No,0
76,134614,442460,726,81,5,4.07865025287655,360,0.5485702150597448,High School,Unemployed,Divorced,Yes,No,Business,Yes,0
72,80155,249289,778,332,8,25.286703068944462,24,0.6871844376977762,High School,Unemployed,Single,No,Yes,Other,Yes,0
26,67487,246127,774,556,1,7.954778613991117,36,0.07101861356498614,Masters,Self-employed,Divorced,Yes,Yes,Home,No,0
58,144948,364412,425,334,12,6.653789873460286,240,0.6919959809662211,Bachelors,Unemployed,Single,Yes,Yes,Auto,Yes,0
52,27342,237513,694,531,11,15.642432086254038,360,0.25649592524018144,PhD,Unemployed,Divorced,Yes,Yes,Auto,Yes,0
36,55806,18347,624,220,7,23.293666809512874,12,0.14266520994257306,PhD,Full-time,Single,No,Yes,Business,Yes,1
65,63770,148992,691,322,15,2.7964490387906498,36,0.19149586907363708,High School,Unemployed,Single,No,Yes,Business,No,1
33,93623,32822,739,2,11,17.72742966950942,36,0.33437480641110967,High School,Full-time,Single,Yes,Yes,Education,No,0
20,118177,440875,503,205,16,4.457102842376628,24,0.2009536036835738,Bachelors,Self-employed,Married,Yes,Yes,Auto,No,0
37,146026,41108,785,39,3,2.0573704739429353,360,0.25645406881319927,High School,Full-time,Divorced,No,Yes,Education,No,0
41,90629,392099,330,58,14,2.5295746127043044,12,0.10798278885731367,PhD,Part-time,Single,No,No,Other,No,0
71,135993,483315,687,573,3,25.1907591380448,60,0.23694141244719882,Masters,Part-time,Married,No,No,Auto,No,1
73,141944,8967,733,506,1,4.421202025213786,60,0.45782705163360093,Masters,Full-time,Single,No,No,Other,No,0
50,120947,373863,675,571,15,2.3093895679564667,120,0.35348296647285116,Bachelors,Part-time,Married,No,No,Home,Yes,0
41,41399,12871,643,121,1,13.699096727144456,36,0.27737500898872897,Masters,Self-employed,Single,Yes,No,Education,No,1
69,143177,226371,742,478,17,25.47581068631872,36,0.5971617030856912,High School,Part-time,Single,No,Yes,Business,No,0
28,124575,209524,374,95,2,8.609842918189756,12,0.7148079771146544,High School,Full-time,Married,Yes,Yes,Auto,No,1
66,125904,206342,454,413,6,13.229665908251574,240,0.6054313783219176,High School,Self-employed,Married,No,No,Education,No,0
25,45678,165685,729,234,8,2.1577534443487854,60,0.26560056169414337,High School,Part-time,Divorced,Yes,No,Business,No,0
53,91218,29179,662,61,16,14.0232769099114,120,0.595553734270043,Bachelors,Self-employed,Divorced,Yes,Yes,Home,No,0
55,78230,252537,747,255,19,17.750779338476878,12,0.12158414597924097,Masters,Full-time,Married,No,No,Auto,No,0
57,89055,184260,533,560,1,17.556304558812197,36,0.10425439047303274,PhD,Part-time,Divorced,Yes,Yes,Other,No,0
37,87258,318243,561,347,3,10.64037407305659,60,0.27650162962892716,Masters,Self-employed,Married,Yes,No,Home,Yes,0
79,54986,36262,424,123,3,10.15046223923093,360,0.6461618952352457,High School,Self-employed,Divorced,Yes,Yes,Business,Yes,0
52,100595,341357,544,481,5,4.092084949161339,120,0.19707859779384151,PhD,Part-time,Single,Yes,No,Auto,No,1
65,116358,380551,841,316,12,11.637151298741783,24,0.050602727118943674,Bachelors,Self-employed,Divorced,No,Yes,Auto,No,0
79,79929,412484,784,503,12,3.885345397315975,60,0.10536762816508408,High School,Self-employed,Single,Yes,No,Home,Yes,0
42,88506,472082,421,47,13,23.231282396649497,120,0.6869959748236641,High School,Full-time,Single,No,No,Auto,No,0
52,49911,349413,424,408,9,29.02195463469739,12,0.5070266277978301,PhD,Full-time,Divorced,Yes,Yes,Business,No,0
42,102127,61545,848,135,7,29.1321592433345,24,0.20256093069598136,Bachelors,Full-time,Married,No,Yes,Home,Yes,0
46,128453,235555,469,200,4,26.08706188188642,120,0.4442366602625451,PhD,Full-time,Single,No,No,Other,No,0
35,99458,224894,423,249,19,18.422972330848953,120,0.4220636979402803,Bachelors,Full-time,Single,No,No,Home,No,0
63,27175,204218,334,313,19,21.32510522007252,36,0.524348782752529,High School,Full-time,Divorced,Yes,Yes,Home,No,0
35,134235,466182,386,367,6,9.270968277732008,240,0.18655004353729307,Masters,Part-time,Married,No,Yes,Other,Yes,0
19,69771,303066,500,428,13,19.292342185006,60,0.6915223897555182,High School,Full-time,Married,No,Yes,Business,Yes,0
71,142157,473580,668,479,11,14.213836933756447,36,0.24749484966401028,Masters,Self-employed,Divorced,Yes,No,Education,No,0
52,136300,43913,376,313,13,14.978502853531042,360,0.5553053231809896,Masters,Part-time,Married,No,No,Education,Yes,1
33,101925,360177,358,499,13,22.97552025087958,24,0.012899717097771914,Bachelors,Self-employed,Divorced,Yes,Yes,Other,Yes,1
78,81358,367936,730,354,15,9.175632312320298,240,0.2981257039153178,PhD,Full-time,Divorced,Yes,No,Business,Yes,0
58,62057,251497,799,484,13,10.223148739141077,120,0.28136785436704664,Bachelors,Full-time,Divorced,No,No,Auto,No,0
53,21150,449893,408,210,11,27.814611942730462,36,0.43478754286641164,High School,Self-employed,Single,Yes,Yes,Other,Yes,0
50,19425,496370,577,43,19,2.630504550678195,240,0.0581890094217572,PhD,Self-employed,Single,Yes,No,Education,Yes,0
21,31032,444057,367,540,8,15.083394653986872,360,0.6321050989808867,Masters,Self-employed,Single,Yes,Yes,Business,Yes,1
50,17198,178404,368,570,8,27.47122321182799,60,0.17422464141405483,Masters,Unemployed,Divorced,No,Yes,Home,No,0
31,133865,486278,464,582,10,18.700527226726553,360,0.5416302519056082,High School,Unemployed,Single,Yes,No,Business,Yes,0
38,38236,383007,788,91,16,16.845805152151833,24,0.6425696985952746,PhD,Unemployed,Single,Yes,No,Business,Yes,1
65,102955,489910,604,264,19,8.242581197651301,12,0.44950156499321053,High School,Unemployed,Single,Yes,Yes,Education,No,0
37,118145,157104,664,219,11,10.954989182869,36,0.5927065653775884,High School,Part-time,Divorced,No,Yes,Education,Yes,0
73,109914,169918,678,441,13,25.709404058336094,24,0.5294882497720045,Bachelors,Full-time,Divorced,Yes,Yes,Auto,Yes,0
25,117870,191546,642,400,9,17.217325821285286,12,0.2844238377216061,High School,Self-employed,Divorced,No,No,Auto,Yes,0
24,131243,45936,653,399,19,15.927523618946616,36,0.6470868312268523,PhD,Full-time,Single,Yes,Yes,Other,No,0
20,29596,161866,715,575,16,3.887811692660839,24,0.2357610959084224,High School,Self-employed,Married,No,Yes,Home,No,0
34,147351,193660,408,489,7,1.4648165371985704,360,0.45697033420121375,PhD,Full-time,Single,No,Yes,Auto,Yes,0
50,126496,203056,796,484,19,28.946870471924424,24,0.5963181913132316,Masters,Part-time,Single,No,Yes,Education,Yes,0
65,145273,444547,640,469,12,11.932598851318408,240,0.3031647278500061,High School,Unemployed,Divorced,Yes,No,Business,Yes,0
29,135674,226469,682,573,15,18.493178800885627,360,0.24221408609394005,PhD,Full-time,Divorced,Yes,No,Other,Yes,0
76,135307,29141,832,444,14,3.3117371224312646,36,0.3674768081382582,Masters,Self-employed,Single,Yes,Yes,Auto,Yes,0
68,34063,403290,599,268,11,20.81031428596835,24,0.654370795479323,PhD,Full-time,Single,No,No,Business,Yes,0
39,82642,138478,438,266,10,28.044434552472868,120,0.7439374105165318,Masters,Part-time,Married,Yes,No,Business,No,0
72,105093,98359,658,53,11,17.69429233692517,36,0.43606673028791215,Bachelors,Part-time,Married,Yes,No,Auto,Yes,0
39,50954,386423,798,527,6,4.657344348886906,24,0.5291729642589215,High School,Full-time,Divorced,No,Yes,Home,Yes,0
63,42856,155363,684,519,2,17.869924296730826,240,0.7226188977911314,High School,Unemployed,Married,Yes,No,Home,Yes,0
47,17573,42568,579,58,11,23.22406918003492,12,0.07883748113035392,Masters,Self-employed,Married,Yes,No,Other,No,0
55,50367,98539,782,39,19,12.786079560646542,12,0.18566286229293205,Bachelors,Part-time,Divorced,No,Yes,Home,Yes,0
55,114608,47851,410,236,6,26.515294690302568,120,0.567120005001266,PhD,Part-time,Married,No,Yes,Other,No,0
62,75774,494158,438,385,14,19.81180564736357,36,0.6589955695298397,Bachelors,Full-time,Single,Yes,No,Education,Yes,0
68,38752,55823,734,299,6,27.07821863038687,240,0.6856232226644624,PhD,Part-time,Married,No,No,Auto,Yes,0
71,70029,24312,808,394,17,19.081654026172778,24,0.3320857414839461,PhD,Part-time,Divorced,Yes,Yes,Business,Yes,0
25,145282,437324,572,206,10,4.8073511881399025,24,0.07147192183349348,High School,Self-employed,Single,Yes,Yes,Other,Yes,1
44,66693,461134,398,335,1,9.981059622050484,12,0.350225181839696,Masters,Unemployed,Married,Yes,Yes,Home,Yes,0
44,131739,428387,403,592,3,6.852053499321251,240,0.18458767216564304,High School,Self-employed,Single,Yes,Yes,Other,Yes,0
51,70961,435995,513,513,8,27.355968433789005,360,0.23295716399729935,High School,Unemployed,Single,Yes,No,Other,No,0
38,141678,200900,464,177,8,23.051601951337,120,0.6178140454700047,High School,Self-employed,Married,No,Yes,Home,Yes,0
47,89532,361867,819,395,15,20.615552698390175,12,0.0604216688207095,PhD,Full-time,Married,No,No,Home,Yes,0
50,96994,275555,583,370,7,9.72802326931703,12,0.6620649739845618,High School,Part-time,Divorced,Yes,No,Auto,Yes,0
45,71133,497037,816,317,11,6.337298389456192,120,0.3421352686593353,PhD,Unemployed,Divorced,No,No,Business,No,0
64,76268,250062,463,368,7,22.937081551678443,36,0.4768511448804761,Masters,Full-time,Single,No,Yes,Auto,Yes,0
50,46653,320153,363,383,4,14.75058043049331,24,0.0717217849885432,PhD,Part-time,Divorced,Yes,Yes,Auto,No,1
22,136829,409638,390,61,12,7.547897012368245,36,0.2698872626858237,PhD,Part-time,Single,No,No,Home,Yes,0
77,143377,436684,416,504,6,18.88203736679298,240,0.07176073521187663,Bachelors,Part-time,Single,No,No,Home,Yes,0
78,16622,33371,566,238,14,2.169681712015107,360,0.7692349783048877,High School,Self-employed,Divorced,Yes,No,Business,No,1
65,63756,58022,439,194,12,10.458937369719353,60,0.6458093194610004,High School,Full-time,Divorced,Yes,No,Other,No,0
36,55809,334373,545,221,11,14.588152843142904,60,0.3677062034851682,High School,Full-time,Divorced,Yes,No,Auto,Yes,1
21,31725,100071,694,60,19,5.290791689172769,60,0.1788820386589369,High School,Part-time,Married,Yes,Yes,Business,No,0
52,66226,183268,786,128,5,29.554979850134348,120,0.7467640841998818,Bachelors,Unemployed,Single,Yes,Yes,Auto,No,0
66,96182,474570,775,155,14,7.063823573098813,12,0.2756772765815774,Bachelors,Full-time,Single,Yes,Yes,Other,Yes,0
34,44402,359918,816,377,16,4.7802407712547,360,0.1287875453498998,Bachelors,Self-employed,Single,Yes,No,Auto,Yes,0
61,19263,490626,483,585,13,6.902511342719995,36,0.45053151076316394,Bachelors,Unemployed,Divorced,No,No,Education,Yes,1
45,62924,289859,319,436,4,23.302772861632004,24,0.755019296275853,High School,Unemployed,Divorced,Yes,Yes,Business,No,0
47,89182,290749,823,206,11,13.33966411888344,60,0.0030642324002580603,PhD,Unemployed,Divorced,No,Yes,Home,Yes,0
46,50737,100853,828,387,17,17.397062252823602,36,0.190499874603199,Masters,Unemployed,Divorced,No,No,Auto,Yes,1
63,116332,32174,446,479,7,1.6092655526044615,60,0.7507581123283261,Bachelors,Full-time,Divorced,Yes,Yes,Business,No,0
70,104563,404172,603,339,14,1.9985079486261221,360,0.13686877348572965,PhD,Part-time,Married,No,Yes,Business,No,1
23,143575,498660,527,339,11,13.928940944983468,60,0.0905947613118559,Bachelors,Unemployed,Divorced,No,Yes,Auto,Yes,0
52,116371,77373,401,203,9,24.683002052847083,24,0.4561497726398436,High School,Self-employed,Single,No,No,Home,No,0
77,53709,332396,716,160,13,26.671927482519393,240,0.689475058635864,High School,Self-employed,Divorced,Yes,No,Home,No,0
58,36172,194021,515,539,18,3.5144904602735663,240,0.38168785415514095,PhD,Part-time,Single,No,Yes,Auto,No,0
54,26555,194718,706,391,11,16.612529960929663,360,0.7956514053476198,PhD,Full-time,Divorced,No,No,Business,Yes,0
41,68276,71017,698,574,15,27.483660902098844,240,0.5433373596303943,PhD,Part-time,Divorced,Yes,Yes,Home,Yes,1
46,72492,64037,798,533,19,12.251209877538704,120,0.059259925768358195,High School,Unemployed,Single,No,Yes,Auto,Yes,1
66,104599,90818,764,69,1,25.05740911142269,12,0.7942657053455804,High School,Full-time,Single,No,No,Auto,No,0
63,26046,7548,381,404,4,4.8771739775836505,120,0.3263153894241524,Masters,Full-time,Single,No,No,Auto,Yes,0
70,131021,117981,664,590,14,28.12644020036616,36,0.22992202707638604,PhD,Unemployed,Single,No,No,Business,Yes,1
48,19853,235213,462,516,14,22.791276208407776,120,0.4463033468623085,Masters,Self-employed,Married,No,Yes,Home,No,0
52,135900,205366,347,119,3,28.29869739082015,36,0.24344607345669145,Bachelors,Unemployed,Single,Yes,Yes,Business,No,0
77,74129,155249,810,216,17,20.621899773022687,36,0.06916600569612186,Masters,Part-time,Divorced,No,Yes,Education,Yes,0
50,129130,287166,628,55,3,11.538714027983383,12,0.0011426744633413755,Bachelors,Unemployed,Divorced,Yes,No,Home,No,1
69,136789,107297,415,365,16,28.20725400321695,24,0.35966668233620985,Bachelors,Self-employed,Married,No,Yes,Business,Yes,0
78,53890,137614,636,503,14,8.991436512966175,360,0.6694907377812739,Masters,Unemployed,Single,Yes,Yes,Home,Yes,0
38,81017,223084,446,454,13,10.633003139790244,12,0.45785214850406125,PhD,Part-time,Divorced,Yes,Yes,Education,Yes,0
49,147596,490536,622,103,15,21.323444122050468,360,0.7993658391547527,Bachelors,Part-time,Married,Yes,Yes,Other,No,0
40,115424,61428,742,76,14,23.1941726862362,240,0.22947731651776,PhD,Self-employed,Divorced,No,No,Auto,No,1
50,30048,154812,312,229,19,27.952701031625462,240,0.22436405180804428,High School,Part-time,Married,No,No,Business,Yes,1
20,69912,322497,793,257,6,6.939269862630075,120,0.12779956818715538,Bachelors,Part-time,Married,No,No,Education,Yes,0
35,49008,484569,586,263,10,24.141943021357495,36,0.13125087061226814,High School,Unemployed,Single,No,Yes,Education,Yes,0
42,146132,114132,413,330,15,22.41783554851194,60,0.22814927680803826,Masters,Full-time,Married,No,Yes,Home,Yes,1
59,98559,188604,779,181,6,2.8500421313543383,60,0.6342720362188218,PhD,Part-time,Divorced,Yes,Yes,Home,No,0
48,70337,17052,321,549,10,12.229471095096002,360,0.7246054325091583,Masters,Part-time,Divorced,Yes,No,Auto,Yes,0
71,125616,101689,648,26,7,9.200198254742858,36,0.780069735766145,Bachelors,Self-employed,Single,Yes,No,Home,Yes,1
75,28350,179148,619,275,17,9.830222306266881,360,0.18583172327716213,High School,Self-employed,Single,No,No,Business,No,0
20,39354,447636,425,298,18,29.505459507086325,12,0.7050380364912734,Bachelors,Unemployed,Married,No,No,Business,Yes,0
57,60186,132743,576,90,17,19.64054499091791,24,0.26260407142186964,Masters,Unemployed,Single,Yes,No,Business,Yes,0
63,43145,263307,503,479,9,21.81260857601149,12,0.09027243561350753,PhD,Part-time,Divorced,No,Yes,Other,Yes,0
41,101123,304568,493,572,10,29.321911482135267,36,0.6960199404161326,PhD,Full-time,Divorced,No,No,Business,Yes,0
67,35581,447960,846,457,10,11.938851691271521,36,0.5088845077148949,Bachelors,Full-time,Single,Yes,No,Home,Yes,0
49,103929,464547,585,450,7,24.253364885131372,24,0.13178471686484938,Bachelors,Unemployed,Single,Yes,No,Home,No,1
64,38051,404850,356,364,16,13.601397935830366,360,0.34386500601040204,High School,Self-employed,Single,No,Yes,Business,No,0
39,66474,136870,602,350,18,26.216476482634413,120,0.22980615590165412,Masters,Part-time,Married,No,No,Education,No,0
40,106748,285564,462,399,6,6.2390686980277925,120,0.5894356549681576,Bachelors,Part-time,Married,Yes,No,Education,No,0
19,140995,121575,318,252,1,28.48289913486411,24,0.3627329844994145,High School,Full-time,Divorced,No,No,Education,Yes,0
44,84626,259230,669,458,1,7.344379543915511,120,0.791423956085108,Bachelors,Unemployed,Married,Yes,Yes,Auto,No,0
59,21960,292444,563,498,12,10.460394702447013,60,0.0437959858076761,PhD,Full-time,Married,Yes,Yes,Other,No,0
19,51408,353025,412,507,2,22.929574789096634,120,0.28401221290899736,High School,Full-time,Married,Yes,No,Business,No,0
43,109006,11749,787,303,4,12.418899105396795,120,0.38552013368798194,High School,Unemployed,Married,No,No,Auto,No,0
34,72134,105131,626,500,17,18.638129926226952,120,0.40250684379865587,Bachelors,Self-employed,Divorced,Yes,No,Education,No,0
57,147413,157193,841,597,4,13.892631531013427,60,0.2527486579085094,Masters,Part-time,Single,Yes,No,Business,No,0
50,105327,391707,364,165,11,22.528728175603675,360,0.5833921992780544,PhD,Self-employed,Divorced,No,Yes,Auto,No,0
26,146410,300631,591,414,4,7.6216063186897145,120,0.6997976587911798,Masters,Unemployed,Married,Yes,No,Home,No,0
60,26344,226019,324,461,1,2.695281629869433,240,0.7509754415822905,High School,Unemployed,Single,No,Yes,Education,Yes,0
71,147822,427577,848,113,7,9.697952526718922,60,0.644074701439621,Masters,Part-time,Single,No,No,Auto,No,0
65,82957,284367,300,432,18,14.754951281184479,24,0.6804641578452796,High School,Self-employed,Single,No,Yes,Home,Yes,0
56,120423,73930,848,355,9,5.872581513587678,12,0.44043624049599644,Masters,Part-time,Divorced,Yes,Yes,Education,No,0
46,73053,146128,440,206,3,11.289121400035272,24,0.6607105811414518,Bachelors,Full-time,Single,Yes,No,Other,No,1
59,92454,291524,487,234,8,12.599507530513486,12,0.2428031273183618,Masters,Full-time,Divorced,No,Yes,Education,No,0
72,105600,289179,427,441,19,2.6643634669599328,24,0.31878300968737155,High School,Full-time,Divorced,No,No,Other,Yes,0
43,137732,293764,500,354,4,17.915910197341933,240,0.2535304110548355,PhD,Self-employed,Married,No,Yes,Other,Yes,0
52,52641,414093,426,514,18,26.645959411167336,12,0.3739098683583404,PhD,Full-time,Married,Yes,Yes,Other,No,0
67,44711,257553,556,207,11,5.400544475638521,12,0.2284636929909091,PhD,Part-time,Single,No,No,Business,Yes,1
42,85342,449532,846,124,14,18.336432388643907,36,0.7692891538035576,High School,Self-employed,Single,No,No,Business,No,0
41,121896,196113,493,137,18,20.277436942414543,12,0.2502757024045345,Masters,Part-time,Married,No,Yes,Other,Yes,0
30,102833,380504,403,338,16,13.160705732159363,12,0.07843563048875186,PhD,Unemployed,Divorced,Yes,Yes,Home,Yes,0
77,71276,54352,834,536,3,21.33183003356383,36,0.4214537328403307,PhD,Self-employed,Divorced,No,No,Other,Yes,0
75,34541,425127,564,67,15,12.91121476123935,120,0.04567926275614109,PhD,Part-time,Married,Yes,No,Auto,No,0
24,109457,164856,683,572,4,15.634481351345611,120,0.08843453304686442,Bachelors,Part-time,Divorced,Yes,No,Other,Yes,1
74,59813,4191,559,540,5,1.2132382920783824,36,0.17551151135699705,High School,Self-employed,Married,No,Yes,Business,Yes,0
53,39070,427376,713,382,17,21.059883309905974,60,0.37148019990571335,High School,Unemployed,Married,No,No,Business,No,0
62,95559,353680,657,18,7,20.17893768939701,12,0.34660074584722234,High School,Self-employed,Single,No,No,Auto,Yes,0
37,56786,105576,374,449,16,2.1136254424639924,12,0.639753489602233,High School,Full-time,Single,Yes,Yes,Auto,No,0
18,51062,196713,654,73,14,11.67925311445886,36,0.5915797231072907,High School,Full-time,Married,Yes,No,Education,No,0
25,66571,443939,487,572,16,29.391923382958353,36,0.3410546351925611,Bachelors,Unemployed,Single,Yes,No,Home,Yes,0
63,40510,4631,589,275,7,13.201360314489888,60,0.2669633660605039,Masters,Part-time,Married,No,No,Home,No,0
33,34426,138244,344,47,9,15.556416748823409,240,0.2531750272491989,Bachelors,Part-time,Divorced,Yes,No,Home,Yes,0
31,52265,305224,382,210,4,27.387974586631838,120,0.6191960698352073,PhD,Part-time,Divorced,No,Yes,Business,Yes,0
29,81150,221169,422,539,11,21.800594400106935,24,0.041657924977015794,Bachelors,Self-employed,Divorced,No,No,Home,No,0
68,102312,91353,657,190,2,17.880033802602483,240,0.010257319608484661,High School,Self-employed,Divorced,No,No,Education,Yes,0
40,104613,414497,827,314,12,24.136335758891104,360,0.6364355135413184,Bachelors,Unemployed,Married,Yes,No,Education,Yes,0
32,89910,29671,365,562,12,26.066621727223225,120,0.38171710079123944,High School,Full-time,Divorced,Yes,No,Home,No,1
45,67375,123811,674,561,4,14.24975408038074,12,0.10470491084286078,Bachelors,Part-time,Divorced,Yes,No,Auto,No,0
51,136826,183503,461,112,18,14.778142583023227,360,0.18845274767560102,High School,Full-time,Divorced,No,No,Education,Yes,0
19,50435,222972,679,169,7,12.195477133903237,240,0.7460031624779061,PhD,Self-employed,Divorced,Yes,Yes,Auto,No,0
49,111443,254211,657,467,1,29.034478060535356,36,0.6876023804999184,High School,Self-employed,Married,Yes,Yes,Business,No,0
40,149055,390878,487,13,13,21.21782137442016,60,0.5678280401791781,Bachelors,Self-employed,Divorced,No,Yes,Education,No,0
39,38510,225033,621,287,6,3.4134689200340964,120,0.38578018426986127,PhD,Full-time,Single,No,No,Auto,No,1
68,109071,422818,749,188,6,26.025829076077535,60,0.4162589009531086,Bachelors,Unemployed,Single,Yes,No,Home,Yes,0
42,21640,220861,773,154,12,14.936238284251774,360,0.7801956282271669,PhD,Unemployed,Single,No,No,Business,Yes,0
75,59547,314543,312,566,8,2.9938632862521364,120,0.7726163551074298,Masters,Self-employed,Single,Yes,Yes,Other,No,0
79,69620,155544,483,470,19,16.94180039973602,240,0.17221523662866745,Masters,Part-time,Single,No,No,Other,Yes,1
78,130608,181302,410,74,5,13.09776409029536,12,0.6488836530442545,Masters,Full-time,Single,No,Yes,Home,No,0
39,22564,467832,807,276,18,26.454732741016123,24,0.15779413293361344,Bachelors,Self-employed,Married,Yes,No,Business,No,0
75,128824,8099,589,342,5,6.9158435046722335,60,0.17082998230716112,Bachelors,Full-time,Single,No,No,Business,Yes,1
75,94273,250686,594,424,10,24.967473675273304,60,0.5408744273316615,PhD,Full-time,Divorced,No,Yes,Business,Yes,0
39,89859,419647,750,570,1,17.172972044378128,24,0.32400087887003876,PhD,Unemployed,Single,No,Yes,Business,Yes,0
66,125017,57492,514,510,10,2.583698793190602,60,0.7452355256852162,PhD,Self-employed,Married,Yes,Yes,Other,Yes,0
69,138618,97722,326,181,5,29.183513738439053,60,0.07120778791680707,PhD,Unemployed,Single,No,Yes,Auto,No,0
59,140341,441900,530,457,12,15.865842078992797,120,0.40922051264759446,High School,Self-employed,Divorced,No,Yes,Business,No,0
23,44430,31111,620,63,7,9.435428772715893,120,0.734817224354497,Masters,Full-time,Divorced,Yes,Yes,Auto,Yes,0
32,42788,499603,532,259,9,14.612798417688484,24,0.7232909283836042,High School,Unemployed,Married,Yes,No,Business,No,0
71,84346,64936,736,192,12,25.87787572200718,360,0.125223370732593,High School,Full-time,Married,No,Yes,Education,Yes,0
60,111122,154686,832,405,1,9.842190607166842,12,0.2933101600771652,High School,Self-employed,Married,No,No,Education,Yes,0
77,54974,224332,702,92,11,6.587615498114309,240,0.49529712003735704,High School,Part-time,Married,No,No,Education,Yes,0
54,122309,436207,352,429,15,4.743066160995562,240,0.12751590781712174,Masters,Unemployed,Single,Yes,No,Business,No,0
50,31371,202548,612,433,2,9.637922553316127,360,0.774417737636591,High School,Unemployed,Single,No,No,Auto,No,1
25,60084,250031,580,403,7,23.62139452416126,60,0.7317994629821283,PhD,Full-time,Divorced,Yes,No,Other,Yes,1
70,76916,324064,330,433,12,14.677164590662588,12,0.13356014322757534,Bachelors,Full-time,Married,Yes,Yes,Home,Yes,1
77,88972,488510,636,111,18,7.5969665071126595,24,0.09692436900878834,PhD,Part-time,Married,No,Yes,Other,Yes,0
61,27984,64530,482,374,3,5.819364988682727,360,0.06832678624661224,Bachelors,Unemployed,Single,No,Yes,Business,Yes,0
61,48039,430440,322,58,7,10.649154818800994,24,0.7275549312293049,PhD,Self-employed,Married,Yes,No,Education,No,1
22,100431,270932,843,42,11,28.257806813685555,120,0.15489904783636865,PhD,Self-employed,Divorced,No,Yes,Education,No,1
56,98691,29082,745,206,18,10.947774665110707,60,0.3330279428354838,Bachelors,Unemployed,Divorced,No,No,Auto,Yes,0
21,73606,386431,373,295,12,29.655598202684427,36,0.3590810925216024,Masters,Unemployed,Married,Yes,No,Business,Yes,0
23,117665,90570,309,117,6,15.071683217195329,24,0.47920883537085407,High School,Unemployed,Divorced,No,No,Other,No,0
62,120373,102015,783,531,5,6.195753630414376,360,0.05738827499793997,PhD,Part-time,Divorced,Yes,No,Business,Yes,0
49,39574,208888,755,221,1,26.84306266201177,60,0.18140689392041276,Masters,Self-employed,Single,No,Yes,Business,No,0
69,149502,346732,459,165,12,14.35030582090998,12,0.7451923095351409,High School,Self-employed,Divorced,Yes,Yes,Education,No,0
47,47733,148603,313,155,11,21.580468961631208,360,0.7267280858148557,Masters,Full-time,Married,Yes,Yes,Other,Yes,0
64,17050,351484,477,183,4,29.5276359130654,120,0.6250325179245538,Masters,Full-time,Married,No,Yes,Home,No,0
52,124996,95439,711,89,18,2.455085159279246,240,0.015520996494572349,High School,Unemployed,Divorced,Yes,Yes,Education,No,0
72,48933,439073,352,93,4,3.804142233839447,12,0.2616054147968817,PhD,Full-time,Married,Yes,No,Other,No,0
57,39951,142214,707,12,17,21.89324550241993,24,0.5023669882743262,Masters,Part-time,Single,No,Yes,Auto,No,1
69,47413,116053,321,437,2,9.172925095568688,24,0.22015216941878057,PhD,Self-employed,Divorced,No,No,Education,Yes,0
33,127573,49355,329,537,2,6.344740511552873,12,0.7276693560430219,PhD,Self-employed,Divorced,No,No,Auto,No,0
30,137744,404082,559,586,12,2.1414945147721554,24,0.5071115694659535,PhD,Full-time,Divorced,Yes,No,Education,No,0
67,104431,202139,504,149,6,1.6335546475998524,360,0.05752537385315648,High School,Unemployed,Married,Yes,Yes,Business,No,0
77,58001,235706,358,7,10,23.460082490473937,60,0.7272044710685625,Bachelors,Full-time,Married,Yes,No,Other,Yes,0
59,82364,498030,770,28,16,4.89856939371695,24,0.7662133265409781,PhD,Unemployed,Divorced,No,No,Auto,Yes,0
47,139988,126426,765,295,14,14.563897863163376,120,0.06216993471338039,Bachelors,Part-time,Married,Yes,Yes,Education,Yes,0
36,60028,65027,311,339,7,18.571007640205007,60,0.4258881878890519,Bachelors,Self-employed,Married,Yes,No,Auto,No,0
34,146878,452122,589,438,19,13.422202216496542,360,0.24269142577133637,Masters,Part-time,Divorced,No,No,Education,Yes,0
73,139343,160210,653,143,17,1.78609291775076,36,0.31427126118512194,PhD,Self-employed,Divorced,Yes,No,Education,Yes,0
36,143301,93601,374,518,9,23.721543575049356,24,0.14372097436427353,PhD,Part-time,Married,No,Yes,Home,Yes,0
45,141295,30956,740,44,13,1.3048835117079511,24,0.46245768160993006,PhD,Full-time,Divorced,No,No,Home,No,1
75,49636,239340,540,238,5,23.094806936947037,120,0.7663834825991125,Bachelors,Part-time,Divorced,No,No,Home,Yes,0
72,39262,105797,453,154,5,26.905830319855557,360,0.40245808021728724,High School,Part-time,Divorced,Yes,Yes,Auto,Yes,0
43,95435,388061,395,180,10,13.552357710657997,120,0.06633166511558493,Bachelors,Full-time,Divorced,Yes,Yes,Business,Yes,0
54,143583,389447,593,214,10,16.530731719836147,240,0.49600106678192674,PhD,Self-employed,Married,Yes,No,Education,No,0
43,56844,470511,508,87,7,14.832518385911959,360,0.27217839556100565,PhD,Self-employed,Divorced,No,Yes,Other,No,0
70,79754,137511,642,255,15,12.287049940079726,12,0.6847401516730383,PhD,Full-time,Single,No,Yes,Home,Yes,0
79,92129,441457,387,510,7,26.735311525740446,12,0.3477425186531762,Bachelors,Part-time,Divorced,No,Yes,Auto,Yes,0
40,55042,305677,689,72,15,26.924071809429723,12,0.1542716871537965,PhD,Part-time,Single,Yes,Yes,Auto,Yes,0
26,76665,422486,624,178,3,10.7386745746045,120,0.15288449815291597,Masters,Part-time,Divorced,Yes,Yes,Auto,No,1
29,131953,79815,456,211,19,18.837022866426242,12,0.6150113445769283,PhD,Unemployed,Single,Yes,Yes,Other,No,1
70,133533,40279,436,233,10,27.88031930223006,360,0.21247007864588793,High School,Self-employed,Single,Yes,Yes,Other,Yes,0
18,88781,372931,727,464,15,28.899696469299194,12,0.6137867153273784,Masters,Part-time,Divorced,Yes,No,Home,No,0
75,81262,418104,751,222,3,15.759812172239378,36,0.16470984861327953,PhD,Self-employed,Divorced,No,Yes,Other,Yes,0
75,61600,149702,440,263,6,14.131919353245477,12,0.2573490949610475,Masters,Part-time,Divorced,Yes,Yes,Home,No,0
18,91898,62063,382,206,12,9.082135161927248,24,0.37238957795175953,PhD,Full-time,Single,No,Yes,Other,Yes,0
64,45448,250599,476,365,15,28.80728432252189,240,0.7545566797547606,High School,Full-time,Married,No,No,Other,No,0
51,41172,255311,497,275,6,5.141614829713154,120,0.7453851398030598,PhD,Self-employed,Married,Yes,Yes,Other,Yes,0
49,22657,128896,720,379,13,17.815057705384024,60,0.16549750033783026,Masters,Self-employed,Divorced,No,Yes,Home,No,0
79,127855,167216,700,308,19,9.193957758040527,240,0.28657523299445825,High School,Full-time,Married,Yes,No,Education,Yes,0
71,22906,446377,770,267,3,9.091240420086102,36,0.11951951076301787,Bachelors,Unemployed,Married,Yes,Yes,Home,Yes,0
65,76413,490934,517,63,8,12.744089033909466,120,0.40798806345079774,High School,Full-time,Divorced,No,No,Education,Yes,0
42,69028,223146,474,349,8,29.964995138653983,360,0.3684660405557333,High School,Part-time,Single,Yes,No,Auto,Yes,0
57,22287,209432,322,493,15,2.59402289835484,120,0.720608129960586,High School,Unemployed,Divorced,Yes,Yes,Auto,No,0
62,48660,183051,534,522,4,17.77771272790241,24,0.7440043022328582,Masters,Full-time,Married,No,No,Home,Yes,0
70,75504,98661,312,97,19,3.394592583023038,360,0.3068539128058337,High School,Unemployed,Single,No,Yes,Education,No,0
18,117979,401195,400,70,3,5.48110406972505,240,0.39339035441519155,PhD,Unemployed,Married,No,Yes,Education,No,0
33,49701,420405,835,363,13,13.74732531141406,240,0.7169889993169065,High School,Unemployed,Single,No,No,Education,Yes,0
78,98300,174672,822,569,8,15.803343809046797,12,0.6453662461960492,High School,Self-employed,Married,No,No,Auto,Yes,1
56,98560,453776,751,275,16,8.504979842571196,360,0.0029250490757194215,PhD,Full-time,Divorced,No,Yes,Home,Yes,1
22,58642,472256,730,49,13,10.177256795358069,24,0.256047651346866,PhD,Self-employed,Married,Yes,Yes,Business,Yes,0
39,80160,124257,832,357,3,3.5220435874220586,12,0.3374193935489007,Bachelors,Self-employed,Married,Yes,No,Education,No,0
46,32602,455774,592,563,16,9.793373731483266,12,0.18377302694658537,High School,Part-time,Single,Yes,Yes,Education,No,0
72,118320,349349,400,484,9,29.03019474203578,120,0.159657292716751,Masters,Part-time,Married,No,Yes,Business,No,0
20,103801,270054,801,83,14,28.39651406850197,240,0.030227605276543737,High School,Unemployed,Divorced,Yes,Yes,Home,No,1
29,40931,451929,603,583,13,10.711470413972565,12,0.5146957800558084,High School,Unemployed,Divorced,No,No,Education,Yes,0
43,109377,310001,839,295,7,17.554764152084086,36,0.21000823238653255,PhD,Part-time,Divorced,Yes,Yes,Home,No,1
33,44192,35964,654,235,15,27.378266342217387,36,0.041877742745050475,Bachelors,Part-time,Single,No,Yes,Education,Yes,0
68,61542,479883,602,55,7,1.1793308565860037,240,0.18478344842245092,High School,Full-time,Single,Yes,Yes,Other,Yes,0
54,142015,419443,795,359,6,24.509823539790165,36,0.6415311622689013,Masters,Unemployed,Married,No,No,Education,No,0
39,57520,400194,526,109,2,28.50271703087865,120,0.6811913453172374,High School,Unemployed,Married,No,No,Other,No,0
74,79772,481743,535,191,9,3.6484462956731547,24,0.3864529961546421,Masters,Part-time,Married,No,No,Home,No,0
46,65106,280297,754,92,17,5.68198289495471,60,0.33285653632694895,PhD,Full-time,Single,No,Yes,Education,No,0
31,96121,322909,312,567,5,28.86164278036931,12,0.7822829548014254,Bachelors,Part-time,Single,Yes,No,Auto,No,0
45,40559,231156,509,59,12,16.588664165570044,60,0.16045172767045593,High School,Part-time,Married,Yes,Yes,Auto,No,0
22,120595,109212,696,38,1,1.4117023996799873,24,0.1722874262836868,Bachelors,Self-employed,Single,No,No,Business,Yes,0
64,48742,40071,399,539,10,8.471327964142345,24,0.23349374162911982,High School,Unemployed,Single,No,Yes,Auto,Yes,0
66,84669,113990,330,48,11,14.048366553796928,120,0.13820585462486987,Masters,Full-time,Divorced,No,No,Other,Yes,0
47,85831,70519,827,419,16,21.09435841971826,36,0.30349247856334927,Bachelors,Self-employed,Divorced,Yes,Yes,Auto,No,0
63,127217,10503,628,12,14,22.26165096596719,36,0.7286673815918031,High School,Unemployed,Married,No,Yes,Auto,Yes,0
79,56873,192775,465,35,8,29.867223874838228,24,0.49227827250285944,PhD,Part-time,Married,No,No,Auto,Yes,0
69,121532,458595,758,100,17,9.337824782129012,120,0.3295572388898109,Masters,Full-time,Divorced,Yes,Yes,Education,Yes,1
22,141267,96457,399,85,18,16.60838295418578,120,0.7475286356569719,Bachelors,Unemployed,Single,No,No,Business,Yes,0
29,149092,189938,472,515,12,16.466382887928546,240,0.03877138598065786,High School,Part-time,Married,No,No,Home,Yes,0
33,56755,148977,461,222,17,12.763712523969888,360,0.1682209423214891,Bachelors,Self-employed,Married,Yes,Yes,Business,Yes,0
43,100956,46838,562,337,14,5.905694921430186,12,0.4527108840814072,High School,Full-time,Married,No,Yes,Other,No,0
43,101988,388344,573,165,16,29.346240332331433,360,0.49244209855454335,Masters,Unemployed,Single,No,No,Education,No,0
65,60648,452495,302,382,14,25.746198413330998,36,0.031646005250090516,PhD,Self-employed,Divorced,Yes,No,Education,No,0
38,140991,90489,327,375,9,15.451657820532878,24,0.32243100632570576,Masters,Part-time,Married,No,No,Auto,Yes,0
56,130005,27806,625,470,4,18.494117257836866,240,0.5193231718646982,Bachelors,Part-time,Divorced,Yes,Yes,Auto,No,0
53,17396,177072,448,30,11,7.590570553230207,60,0.5584564371227213,Bachelors,Unemployed,Divorced,No,No,Other,No,0
50,99082,416384,839,374,6,16.76982504136066,36,0.5105119220130154,High School,Part-time,Single,No,Yes,Education,Yes,0
79,143322,71119,787,10,15,21.154133860522798,12,0.25645057948873967,Masters,Full-time,Single,No,Yes,Home,No,1
47,147663,301858,737,301,5,15.939843823211074,120,0.07481609887832762,High School,Unemployed,Single,No,No,Business,Yes,1
54,26303,186165,364,95,11,29.718269946963296,24,0.3416899571354673,Masters,Self-employed,Single,No,No,Education,No,0
40,86719,318563,655,189,18,18.72890803118406,36,0.10300354989444438,Bachelors,Unemployed,Single,Yes,Yes,Home,Yes,0
75,114616,443361,832,452,13,11.758237665172903,60,0.7580989268165337,High School,Unemployed,Single,No,Yes,Home,Yes,0
27,139165,106432,551,191,11,23.392408800859304,12,0.38013669281810264,High School,Self-employed,Married,No,Yes,Business,No,0
71,101231,471641,534,485,14,5.943412835867619,12,0.25380733948549405,Masters,Part-time,Divorced,Yes,Yes,Home,Yes,0
22,22314,356093,526,265,18,12.15095859748173,240,0.6130432568951201,PhD,Self-employed,Single,Yes,No,Other,No,0
53,34623,472027,824,423,19,11.061809560949989,36,0.3983588740658111,Masters,Full-time,Married,No,Yes,Home,Yes,0
51,120228,396677,612,127,15,13.52240575812554,60,0.24802721920996007,PhD,Part-time,Divorced,Yes,No,Other,No,0
69,112624,408507,348,237,9,23.671614951933062,12,0.6495741939126414,Masters,Unemployed,Single,No,No,Home,No,0
48,126785,178876,417,354,8,15.041017932738816,24,0.6937217208008977,Bachelors,Part-time,Single,Yes,No,Auto,Yes,0
27,101206,340115,353,111,1,24.026419057712918,12,0.5384065330309417,High School,Part-time,Married,Yes,Yes,Home,No,0
75,84274,356615,343,445,4,17.71817819105611,60,0.03757153792613384,Masters,Full-time,Divorced,No,Yes,Other,No,0
36,148541,328090,352,342,14,10.920013605069105,120,0.4530583041332257,Bachelors,Part-time,Single,Yes,No,Home,No,0
75,68947,362133,824,144,2,24.489383566820702,120,0.6106359295978253,Masters,Part-time,Divorced,No,No,Home,Yes,0
49,63874,85080,401,64,16,7.910400446039656,240,0.10920240966686574,High School,Part-time,Married,Yes,No,Home,Yes,0
18,64708,253791,697,246,3,7.5071064141940695,36,0.1829366011076827,Masters,Unemployed,Single,Yes,No,Other,No,0
73,89553,455548,437,489,8,15.630584797590238,60,0.7059960840545092,PhD,Part-time,Divorced,Yes,Yes,Home,No,0
22,83344,78794,686,438,6,8.564628132900578,240,0.016097377482459232,High School,Self-employed,Married,No,No,Business,Yes,0
62,64138,293985,410,105,16,1.2635240135852732,360,0.6021817102607808,PhD,Part-time,Married,No,Yes,Business,Yes,0
21,62638,125447,316,180,16,19.800628291665245,12,0.37901863401153835,Bachelors,Full-time,Single,Yes,Yes,Other,No,0
33,93249,121029,481,183,7,15.821720822699543,360,0.3574177270716855,Bachelors,Part-time,Divorced,No,Yes,Auto,Yes,0
41,120865,180830,835,225,13,13.920016620301675,12,0.005677225995909741,Masters,Part-time,Single,No,Yes,Business,Yes,0
33,17719,339416,840,88,13,29.042086923931144,120,0.6555185847731942,PhD,Unemployed,Single,No,No,Education,No,0
72,57534,38643,470,529,5,17.564776334924495,240,0.2878599205092532,PhD,Self-employed,Divorced,Yes,Yes,Business,Yes,1
19,107241,444624,708,370,18,26.03951575589215,120,0.43261250504043436,High School,Part-time,Divorced,No,No,Education,Yes,0
66,141209,307094,677,398,15,5.044056849949645,24,0.5418405490685275,PhD,Self-employed,Divorced,Yes,Yes,Other,Yes,0
45,107124,188921,487,105,18,17.5069874307534,360,0.5621036611503326,PhD,Full-time,Married,Yes,No,Auto,No,0
49,106659,363644,529,270,2,26.171409175196185,360,0.7647840470608579,High School,Unemployed,Married,Yes,No,Education,Yes,0
44,90713,160116,418,502,10,17.910066961117042,120,0.4250719625892873,High School,Self-employed,Divorced,Yes,No,Education,No,0
37,90418,499685,455,524,13,21.822411165683043,24,0.31977564077954207,PhD,Unemployed,Married,Yes,No,Business,Yes,0
41,143232,388732,764,31,18,11.789263466554013,12,0.7629629011933664,Masters,Part-time,Single,No,No,Education,Yes,0
29,46575,16997,403,392,15,3.6810359940749318,240,0.5136881880204169,High School,Full-time,Divorced,No,Yes,Other,No,1
67,78852,342895,801,39,12,14.27910855868507,24,0.2385202850212445,High School,Unemployed,Single,Yes,No,Other,No,0
52,147079,99605,474,217,15,12.439902334326868,240,0.10117139632285693,PhD,Part-time,Divorced,No,Yes,Other,No,0
77,91242,418127,720,81,13,26.144745288989473,360,0.6740436011721451,PhD,Self-employed,Single,No,No,Business,No,0
50,44257,318677,433,200,18,8.075863768221694,240,0.28974528223532126,High School,Full-time,Divorced,No,Yes,Auto,Yes,0
50,76246,345710,690,446,15,29.035292598518133,360,0.5283757770915449,PhD,Full-time,Single,No,Yes,Business,No,0
78,16435,226942,800,427,11,28.786005474330388,24,0.3766531354927185,High School,Self-employed,Divorced,No,Yes,Other,No,0
68,106357,146643,332,37,19,8.181317649071723,360,0.15914382383603068,Masters,Self-employed,Divorced,No,No,Business,No,0
60,98807,109255,354,210,3,11.093506708842295,36,0.4813492868963721,Masters,Full-time,Married,No,Yes,Other,Yes,0
54,130953,261298,818,443,7,26.971116485342666,360,0.04854645516054586,High School,Unemployed,Single,Yes,No,Home,Yes,0
29,138797,488679,311,326,14,29.03204440598712,120,0.3306739678969538,High School,Full-time,Married,Yes,No,Home,No,0
20,78888,452157,827,226,14,13.859733982245277,24,0.4372919517309368,Bachelors,Self-employed,Single,Yes,Yes,Education,No,0
18,88609,59005,672,47,13,10.308914323586036,12,0.34883757929486325,Bachelors,Unemployed,Married,No,Yes,Auto,No,0
50,24077,218322,783,17,12,16.25672638429472,240,0.5989377402007927,PhD,Part-time,Divorced,No,No,Home,No,0
57,35953,190784,527,438,9,20.945306984606308,60,0.66233996363625,PhD,Full-time,Married,Yes,No,Other,Yes,1
27,129682,44541,606,186,1,8.930760945874415,24,0.6169944592265425,High School,Self-employed,Married,No,No,Business,No,0
60,82889,24387,756,344,19,22.357722063953112,120,0.03105035824944169,High School,Part-time,Divorced,No,No,Business,Yes,0
61,130374,357124,459,223,11,2.49806335632459,360,0.1553030163567778,Bachelors,Full-time,Married,Yes,No,Education,No,0
46,39860,180980,630,487,19,2.429540290168077,240,0.42928600741101947,Bachelors,Full-time,Divorced,Yes,No,Business,No,0
30,92475,86457,524,228,18,12.20234344922081,36,0.747857632355041,High School,Unemployed,Single,Yes,Yes,Home,Yes,0
29,102266,145129,803,389,12,11.250722569760898,12,0.6679654200416936,Masters,Self-employed,Married,No,No,Business,No,0
48,115732,65028,755,588,1,10.153363245647416,36,0.6740276066814413,Masters,Part-time,Divorced,No,No,Home,No,0
63,42083,120246,344,187,19,15.23957311739839,60,0.24256655500773994,PhD,Full-time,Divorced,No,Yes,Home,No,0
19,72372,318875,513,269,17,10.301273887035565,24,0.3435583176629621,High School,Unemployed,Married,Yes,Yes,Auto,No,0
78,138786,156930,358,309,5,6.575479635574666,240,0.37656475785274995,High School,Part-time,Single,Yes,Yes,Education,Yes,1
68,22813,180761,494,131,3,9.974616923569426,24,0.12589726667992834,PhD,Part-time,Married,No,No,Other,No,1
67,46598,45638,788,550,2,29.272223911496813,120,0.024854504195565053,Bachelors,Full-time,Divorced,Yes,Yes,Home,No,0
52,108106,485814,456,71,3,12.92228909285061,24,0.7575223195684135,Bachelors,Part-time,Single,Yes,Yes,Education,Yes,0
40,42082,496602,525,186,8,13.896670528891738,12,0.19257006853080538,Masters,Full-time,Married,No,No,Other,No,0
34,44241,178558,711,485,16,17.71980470858306,60,0.19195912297890505,High School,Unemployed,Divorced,Yes,No,Business,Yes,1
43,26745,21567,504,190,6,29.51688228401257,36,0.06670324301500763,Bachelors,Unemployed,Married,Yes,No,Education,No,0
25,41029,423955,378,421,13,8.006437016637127,60,0.7428062015550229,Masters,Part-time,Single,Yes,No,Education,No,0
46,138395,58804,423,119,16,20.75718120544058,240,0.46378969195181763,Masters,Full-time,Single,No,Yes,Education,No,0
43,104186,371965,770,219,16,21.76355611271,24,0.5336294857002831,Masters,Self-employed,Single,No,No,Business,Yes,0
27,112768,4754,517,52,3,18.61240808699891,240,0.729261509810442,Bachelors,Unemployed,Single,Yes,Yes,Business,Yes,0
43,56846,28044,815,450,13,3.5687718494626783,36,0.2764961351206316,Bachelors,Full-time,Single,No,No,Education,No,1
79,90932,68260,403,411,14,20.62929599899972,240,0.4972058489104673,High School,Full-time,Married,No,Yes,Auto,Yes,0
51,38411,67912,692,236,8,2.858746620049089,120,0.031039563783109972,High School,Full-time,Single,No,No,Home,No,0
68,93797,257695,733,405,12,18.28813683694701,60,0.14941802258490347,Masters,Part-time,Single,Yes,No,Business,Yes,0
58,67307,9706,630,421,8,22.447854139430536,36,0.664996644071954,Masters,Self-employed,Divorced,No,No,Auto,No,1
24,149165,272038,442,246,9,7.118126827978562,36,0.6134146850706687,Bachelors,Part-time,Single,Yes,Yes,Business,Yes,0
21,37042,412253,839,71,1,25.407038218740446,360,0.28051415316571754,Bachelors,Unemployed,Divorced,Yes,Yes,Education,No,0
75,67930,347130,577,184,6,1.8802603604571235,36,0.30144850221937003,High School,Part-time,Divorced,No,Yes,Auto,Yes,1
70,112883,345086,532,5,19,25.470573046090877,360,0.4268435468428636,High School,Full-time,Divorced,Yes,No,Other,Yes,0
67,48756,183684,828,205,11,14.349542468640188,12,0.00019280374810763947,PhD,Part-time,Married,No,Yes,Home,Yes,0
62,68268,30725,389,543,11,7.31005025801769,360,0.1929954688304223,High School,Full-time,Married,No,No,Home,Yes,0
28,63901,137998,791,386,13,4.879566204825072,60,0.16658544688657156,Bachelors,Self-employed,Divorced,Yes,No,Business,No,1
46,114986,105555,498,75,11,28.645907859888805,240,0.20038635739981078,Masters,Part-time,Married,Yes,No,Home,No,1
73,143386,262486,661,176,18,3.1073020398535447,360,0.6447246740267532,PhD,Part-time,Single,No,Yes,Other,Yes,0
53,20626,272640,740,348,15,6.773709178141845,36,0.22373908523715455,High School,Part-time,Married,No,No,Auto,No,0
42,27857,57447,325,254,1,11.086848075558333,60,0.15321705764011853,High School,Full-time,Single,No,Yes,Auto,Yes,0
38,148052,364748,324,307,7,18.986810619872493,360,0.40341076863442527,Bachelors,Full-time,Single,No,No,Education,No,0
78,41431,161878,693,344,13,16.799231473006856,360,0.6925160290981855,PhD,Part-time,Married,Yes,No,Auto,Yes,0
74,99976,351343,806,126,12,4.643661279957105,36,0.1930797630699999,High School,Part-time,Married,Yes,No,Business,No,0
53,97711,42321,600,286,18,9.402111528408224,120,0.06282899423423896,Masters,Self-employed,Divorced,Yes,Yes,Other,No,0
27,41385,254113,638,595,19,7.923801361494698,120,0.28512378867973176,Bachelors,Self-employed,Married,No,Yes,Education,Yes,0
54,33639,234103,566,486,15,7.1927427802199,360,0.5981214596519823,PhD,Unemployed,Married,Yes,No,Business,Yes,0
26,100530,459311,760,382,8,12.923185757919624,120,0.4405524357558357,High School,Self-employed,Married,Yes,Yes,Business,Yes,0
41,36563,416872,755,405,19,21.41691212515805,24,0.653434695659478,High School,Self-employed,Single,Yes,Yes,Business,Yes,0
52,130672,56147,659,387,10,7.306135034299842,36,0.7676737180873872,PhD,Self-employed,Single,Yes,No,Home,Yes,1
66,97970,92396,367,524,7,11.63368751138646,24,0.6341299814012937,Bachelors,Full-time,Single,No,No,Business,No,0
52,100553,443882,711,556,18,12.336605378393706,60,0.48304246307500276,PhD,Self-employed,Divorced,Yes,Yes,Home,Yes,1
65,97879,476584,790,275,16,29.317239353626896,24,0.3946732704419044,PhD,Self-employed,Divorced,Yes,No,Auto,No,0
53,59859,301931,348,499,6,28.685324349492998,60,0.032055269078613335,Bachelors,Part-time,Divorced,Yes,No,Home,Yes,0
35,67098,245839,401,336,9,24.203989899810203,360,0.787457583051233,High School,Full-time,Single,Yes,Yes,Business,No,0
66,137413,457162,515,480,13,8.00810870375637,60,0.30678489806003406,Masters,Unemployed,Married,No,Yes,Other,No,0
56,15526,22727,737,272,8,2.9730821086584207,60,0.12178257113349344,Bachelors,Unemployed,Divorced,No,No,Other,Yes,0
49,83760,240423,458,57,16,10.190219993898118,240,0.5333670843171654,Masters,Self-employed,Divorced,Yes,Yes,Auto,Yes,0
41,62837,96081,788,327,13,8.737041933581095,24,0.22743063127636748,High School,Unemployed,Single,No,Yes,Business,No,0
40,26536,385865,541,108,13,15.671848204245423,240,0.4686226167448381,PhD,Unemployed,Divorced,No,No,Home,No,0
79,43541,242130,304,278,17,23.554109391965998,360,0.469414326275673,Masters,Unemployed,Married,No,No,Other,Yes,0
49,94083,69056,660,327,5,25.891365227486883,36,0.35658385672229537,High School,Self-employed,Single,No,No,Education,No,0
54,49531,135153,758,314,17,25.501058476904745,24,0.6688948924360342,High School,Unemployed,Single,Yes,No,Business,No,0
29,23712,166268,547,473,9,11.430591275468965,36,0.21197364924435444,PhD,Self-employed,Married,No,Yes,Business,No,0
66,119101,168807,721,110,2,20.929795960359804,36,0.35890607329418733,PhD,Part-time,Married,No,Yes,Education,No,0
72,80455,236821,314,228,18,10.07219172820238,60,0.4301537028727772,High School,Part-time,Married,Yes,No,Other,No,1
30,89744,81102,421,496,9,2.7662607538202986,24,0.5308997766138397,High School,Unemployed,Divorced,Yes,No,Education,No,0
40,144749,473794,576,155,6,21.345392702485327,36,0.6271774804044716,Masters,Part-time,Married,Yes,No,Auto,Yes,0
42,20109,157570,752,472,11,1.2849990245238474,120,0.3158458263026049,High School,Self-employed,Single,Yes,No,Home,Yes,0
52,64268,77865,689,271,6,12.866295036296169,36,0.5168375552772768,High School,Part-time,Married,No,Yes,Home,Yes,0
58,69615,163728,593,1,6,10.551998809760196,120,0.12048876245481531,Masters,Unemployed,Single,Yes,Yes,Other,Yes,0
47,97503,68695,745,510,13,21.10794861704672,24,0.7461184804339829,Bachelors,Self-employed,Single,No,No,Education,No,1
34,100708,432116,509,285,11,23.221118710050987,360,0.3064470451368029,Masters,Full-time,Divorced,No,No,Business,Yes,0
66,117471,118235,601,12,14,9.818744443167231,240,0.5836171375811507,Masters,Self-employed,Married,Yes,Yes,Business,No,0
79,98309,479115,522,497,2,24.537183418900753,24,0.01627286550574212,PhD,Part-time,Divorced,Yes,Yes,Business,No,0
37,141446,441917,302,237,8,9.52358605464308,240,0.16414971432384562,Masters,Full-time,Married,No,Yes,Auto,Yes,0
65,121661,109777,817,93,3,13.943464439610276,240,0.3896660354588624,High School,Self-employed,Married,No,Yes,Auto,Yes,0
42,21154,20033,392,337,3,22.083537283409886,24,0.7026019741858773,High School,Full-time,Married,Yes,No,Business,No,0
39,79288,142877,819,170,1,21.09468664751887,36,0.42180411996054173,High School,Full-time,Married,Yes,Yes,Other,Yes,0
30,66195,167923,727,566,19,29.6336856970538,12,0.7438963858351033,Bachelors,Full-time,Married,Yes,Yes,Auto,Yes,0
76,35581,27832,792,466,18,7.529669702262025,36,0.3870375172662371,High School,Self-employed,Single,No,Yes,Auto,No,0
36,45087,195509,534,142,17,20.207219492647887,36,0.39235927738876,Bachelors,Part-time,Single,No,No,Home,No,0
66,84298,378869,460,200,13,18.680775339997545,360,0.09579743080042552,High School,Self-employed,Married,Yes,No,Home,No,0
53,61167,146016,630,179,3,27.53785518021087,60,0.6421249953217759,Masters,Part-time,Single,No,Yes,Other,No,0
29,54499,283017,632,363,1,5.5345021077013765,60,0.19757232997365,PhD,Self-employed,Divorced,Yes,Yes,Auto,No,0
78,140816,41372,349,478,4,22.802146744021055,36,0.7196899914978521,High School,Self-employed,Divorced,No,No,Auto,No,0
58,111347,90464,822,564,13,17.47978987179428,120,0.728659376264317,Bachelors,Self-employed,Divorced,No,No,Education,Yes,0
36,63787,147451,791,470,17,8.965310223849258,360,0.7546480894993198,Bachelors,Part-time,Married,Yes,Yes,Other,Yes,0
29,50488,118322,571,383,11,14.75861251026805,240,0.41618439128247203,PhD,Self-employed,Married,Yes,No,Other,Yes,1
26,89441,168823,551,416,2,10.679521315024136,60,0.5416750278269155,High School,Full-time,Single,Yes,Yes,Education,No,0
24,37431,363226,389,307,16,17.800088680865365,36,0.6228127040493309,Masters,Self-employed,Single,No,No,Education,No,0
45,76681,221894,745,366,2,26.78101771362531,360,0.10481169492037248,High School,Full-time,Single,No,Yes,Home,Yes,0
31,137720,268254,631,0,19,17.509844547953858,12,0.4807657559979978,High School,Unemployed,Divorced,Yes,Yes,Other,Yes,0
48,64153,448557,438,43,19,19.319950131470936,120,0.02743832104264934,PhD,Unemployed,Divorced,No,No,Other,Yes,1
69,21368,275231,656,97,16,16.043687566326575,24,0.3980528667109807,High School,Part-time,Divorced,Yes,Yes,Education,No,0
36,127360,417978,573,264,19,2.4837996869188013,36,0.12387414529618193,Masters,Part-time,Divorced,No,No,Business,Yes,0
75,127755,345761,318,139,9,7.752898149406733,360,0.14633834076966776,Bachelors,Unemployed,Single,Yes,No,Business,Yes,0
64,71985,101483,610,480,1,15.2680501535304,36,0.29203805335408123,PhD,Self-employed,Married,No,No,Home,Yes,0
33,65069,10596,453,236,10,9.996823228596439,240,0.34594973337320245,Masters,Self-employed,Married,No,Yes,Business,No,0
70,67326,235627,689,71,19,6.2711443350746325,120,0.4985379396257498,Bachelors,Self-employed,Divorced,No,Yes,Business,Yes,0
22,123737,108539,559,189,1,15.61985241563471,60,0.05954273475081254,PhD,Unemployed,Married,No,Yes,Business,Yes,0
52,65861,19313,424,267,2,10.36148400998766,60,0.40295340898995574,PhD,Full-time,Married,Yes,No,Auto,No,0
29,90897,376319,653,320,16,8.485121652029026,60,0.1461001042024809,Bachelors,Part-time,Married,No,Yes,Home,No,0
42,142118,198621,572,106,12,14.455577105771043,24,0.45918014002539354,Bachelors,Full-time,Divorced,Yes,Yes,Education,No,0
69,83577,115914,544,231,8,4.865243484383021,360,0.5099236898089469,Masters,Unemployed,Single,Yes,Yes,Business,No,0
76,24078,24705,749,41,18,27.904626259186813,120,0.44536740524228313,High School,Full-time,Single,Yes,Yes,Auto,No,0
38,77768,199436,546,138,2,26.163360839657933,120,0.5906364083826462,High School,Self-employed,Married,Yes,No,Business,Yes,0
53,66047,336589,819,272,13,21.520996986475524,60,0.2684873953927211,High School,Self-employed,Single,No,Yes,Auto,Yes,0
70,86626,104892,440,480,6,4.08020100006523,60,0.6120852733065048,High School,Full-time,Single,Yes,No,Home,No,0
40,72660,210717,661,415,6,23.500440379621097,240,0.34621366536655496,High School,Unemployed,Divorced,No,No,Business,No,0
33,147997,265167,307,505,9,24.43076251516155,12,0.38734759865807744,Masters,Full-time,Divorced,No,No,Auto,No,0
74,132832,120654,777,423,16,23.265173913715792,12,0.5184817018088571,PhD,Self-employed,Married,No,No,Other,No,0
56,145406,191868,651,406,11,4.3050107264579935,36,0.014686707199379168,Masters,Self-employed,Married,No,Yes,Other,Yes,0
62,140150,81073,794,567,7,19.67333075496518,36,0.5231953771361987,Masters,Unemployed,Married,Yes,Yes,Auto,Yes,1
70,48320,355341,726,389,10,25.19541907673256,120,0.4948681192576923,Masters,Full-time,Divorced,No,Yes,Business,No,0
59,79881,65429,338,341,10,17.743248635370364,120,0.24787769340262394,PhD,Self-employed,Single,Yes,No,Business,No,0
75,105827,105195,486,492,18,19.74581388161458,24,0.06863542791959158,Masters,Self-employed,Divorced,No,Yes,Home,No,1
56,117215,193699,392,191,9,14.292540903362879,24,0.07274835993043292,Masters,Full-time,Divorced,No,No,Home,No,0
31,149461,34848,385,498,15,16.332512276637527,12,0.7385789975881829,PhD,Full-time,Single,Yes,Yes,Education,Yes,0
48,76550,432020,343,232,4,1.9969288922000312,36,0.5514234569806697,Masters,Part-time,Single,No,Yes,Home,No,0
75,39826,409595,436,226,8,19.529927637225253,12,0.10168209101659231,High School,Unemployed,Married,No,Yes,Business,No,0
22,115734,453880,720,370,9,3.3619691738436166,12,0.2853785354471251,Bachelors,Unemployed,Single,No,No,Education,Yes,0
52,113511,290910,373,138,13,13.615423235866478,36,0.47398639512127716,Masters,Full-time,Single,No,Yes,Home,No,0
40,26653,69099,847,148,9,9.486997832354827,360,0.668457364072519,Bachelors,Unemployed,Single,No,No,Auto,Yes,0
46,96941,430276,811,114,4,16.817410556139677,24,0.03492874297040682,Masters,Self-employed,Single,Yes,No,Other,No,0
60,48662,488949,455,449,17,4.869073730173005,240,0.1893065051760071,Masters,Full-time,Married,No,No,Home,No,0
28,113818,70122,554,62,16,21.057658657226227,240,0.7117991922363041,High School,Full-time,Married,No,Yes,Home,Yes,0
35,110081,148159,470,103,15,24.05533457092564,240,0.007332440147053188,PhD,Full-time,Single,Yes,Yes,Auto,No,1
64,51877,49868,469,272,3,5.737279042551538,36,0.16111928223510993,Bachelors,Part-time,Single,No,No,Business,Yes,1
29,126562,120119,621,5,5,4.025079533204583,60,0.7672193407783728,PhD,Unemployed,Married,Yes,No,Auto,Yes,0
26,87715,417441,755,146,5,5.219949000833416,60,0.4907214772177369,High School,Part-time,Married,No,No,Home,Yes,1
27,125091,358430,454,183,15,26.43669929505655,60,0.20933709331000516,High School,Self-employed,Single,No,No,Business,No,0
75,147632,269787,648,27,18,16.317488590934328,120,0.05359287551667809,Bachelors,Unemployed,Divorced,Yes,No,Education,No,1
61,94148,487275,750,549,15,14.550568884217576,24,0.022553072357777728,PhD,Part-time,Married,No,Yes,Home,Yes,0
34,98186,299871,472,118,2,4.094642753968274,24,0.19579606370954183,High School,Full-time,Married,No,Yes,Auto,No,0
78,138629,405221,309,292,13,19.83712419595189,360,0.7051886556711284,Masters,Part-time,Married,Yes,Yes,Education,No,0
55,85316,110079,564,370,4,26.171988164957607,360,0.3327309234380076,Masters,Full-time,Single,Yes,No,Other,No,0
24,43380,328841,737,243,10,25.017390210380135,120,0.5762666953327944,Masters,Part-time,Single,No,No,Education,Yes,0
63,125198,17029,546,579,13,19.155586560443236,12,0.7346280283039662,PhD,Part-time,Married,Yes,Yes,Auto,Yes,1
30,17356,247353,845,217,10,3.183082782898535,360,0.3264323692822533,Masters,Part-time,Single,No,Yes,Education,No,0
57,85326,408442,798,176,9,4.2595137881043765,240,0.15302189682991765,Masters,Full-time,Single,Yes,No,Auto,Yes,0
59,107447,195718,428,298,8,2.429960626184916,60,0.4136943446855356,High School,Part-time,Married,No,No,Home,No,0
26,129994,454819,626,57,3,8.46689727828161,240,0.7264669496478836,High School,Unemployed,Single,Yes,No,Business,No,0
67,35049,422947,703,268,16,4.934182547650955,60,0.6434995313101606,Masters,Unemployed,Divorced,Yes,Yes,Other,No,0
44,120361,372602,658,307,14,8.541393167320582,240,0.05266387469052303,Masters,Unemployed,Single,Yes,No,Business,Yes,0
75,31082,373528,316,569,9,12.16668361584989,12,0.5540582400620655,High School,Full-time,Single,Yes,No,Business,Yes,0
19,15661,69926,573,287,11,28.346500738062936,240,0.457518017967163,Bachelors,Full-time,Married,Yes,No,Business,No,0
22,17920,138069,415,104,3,18.70090573366907,240,0.7259705410771404,PhD,Unemployed,Married,Yes,Yes,Auto,Yes,0
46,94561,318650,390,227,5,25.21423978480591,36,0.0979851334802378,PhD,Unemployed,Divorced,Yes,No,Auto,No,0
54,23946,341373,381,246,10,21.600193520657633,240,0.4272288905637253,High School,Unemployed,Single,Yes,Yes,Other,Yes,0
55,31309,444031,623,493,13,4.26259078527232,36,0.7035701548095139,PhD,Self-employed,Divorced,Yes,No,Auto,Yes,0
36,70230,43092,413,82,4,22.341691784844517,24,0.32801902939339445,High School,Unemployed,Divorced,No,No,Auto,Yes,0
25,126822,325683,357,185,13,8.97786756521461,120,0.3855959341862937,High School,Part-time,Married,Yes,Yes,Auto,No,1
65,127340,460293,453,251,12,19.534127562846486,240,0.05636854213356664,High School,Self-employed,Single,No,No,Auto,No,0
62,74321,153889,703,354,5,10.887897235646667,24,0.22251491235912868,High School,Self-employed,Married,Yes,Yes,Home,No,0
18,147028,169933,565,209,10,29.932495634675117,360,0.2596053193351579,Bachelors,Full-time,Divorced,No,No,Other,Yes,0
39,89131,14428,614,446,9,8.642992905406556,360,0.7560979589959096,Masters,Part-time,Divorced,No,Yes,Auto,No,0
69,40963,176006,340,459,7,9.09478365245382,36,0.22613388843292725,Masters,Full-time,Married,Yes,No,Other,No,0
34,116757,247627,404,471,2,27.98949541130955,240,0.3686949882157216,Bachelors,Full-time,Married,Yes,Yes,Education,No,0
24,114259,246439,492,369,7,1.7146877344533573,240,0.5370435388514239,PhD,Part-time,Married,No,Yes,Home,No,0
42,54063,142330,700,491,8,21.20398064832271,12,0.12974669792630192,PhD,Full-time,Married,No,No,Auto,Yes,0
62,129225,58775,577,136,7,22.034465331340467,24,0.3891539097134996,Masters,Part-time,Married,Yes,Yes,Home,Yes,0
21,131400,213652,653,366,14,25.25497874490158,60,0.5908312315807261,PhD,Part-time,Divorced,Yes,No,Home,No,0
53,95818,489163,555,183,19,29.258740008515783,60,0.6934841704216529,Masters,Full-time,Married,Yes,Yes,Education,Yes,0
23,19703,268613,398,587,5,29.29245565554292,12,0.5010074197299413,Masters,Unemployed,Single,No,No,Other,Yes,0
77,87099,291998,581,286,18,2.8930259694274527,36,0.5352428122535583,Bachelors,Full-time,Divorced,Yes,No,Home,Yes,1
48,46585,138328,702,471,12,24.83334035983417,60,0.10102677806765517,PhD,Self-employed,Divorced,Yes,No,Business,Yes,0
36,58585,256158,408,374,17,19.74298807606406,60,0.7566211977970778,Bachelors,Full-time,Single,Yes,No,Education,Yes,0
78,41958,77256,498,536,13,19.772921896819643,360,0.10605926198758589,Masters,Part-time,Single,Yes,Yes,Business,No,0
61,41017,428153,602,510,2,4.722147871826149,360,0.6197383497454387,Masters,Self-employed,Divorced,Yes,No,Education,Yes,0
71,139677,362278,626,578,13,19.855427826923947,120,0.21185305742265506,Masters,Part-time,Married,No,No,Business,No,1
56,44426,133723,453,249,7,29.491994837436188,24,0.7468745149610013,High School,Unemployed,Divorced,No,No,Business,No,0
44,32778,182360,704,509,10,27.442738516643963,36,0.5759676314955836,High School,Unemployed,Divorced,Yes,No,Home,No,0
27,57229,347874,761,72,6,13.734789163340665,240,0.6030509703826952,High School,Self-employed,Single,Yes,No,Home,Yes,0
43,101652,419267,431,281,3,2.1584912252967356,24,0.17524733844790666,Bachelors,Unemployed,Divorced,No,Yes,Education,Yes,0
36,143267,290530,383,359,3,11.50651121000594,36,0.3544319813081287,Masters,Unemployed,Married,Yes,No,Other,Yes,0
56,141503,469270,698,9,18,24.9653190364161,60,0.49425055567142917,PhD,Full-time,Single,No,Yes,Home,Yes,0
79,99878,243634,408,210,11,21.343473942489815,120,0.6159788945652808,Bachelors,Full-time,Divorced,Yes,Yes,Home,No,0
20,72056,410400,520,151,5,14.320966012224735,24,0.08316750072991166,Bachelors,Unemployed,Divorced,No,No,Auto,No,0
62,34975,34787,667,4,19,2.5979445196061017,60,0.7698922531636228,Bachelors,Unemployed,Married,No,No,Home,No,0
30,103397,22621,446,194,19,13.379947106875775,36,0.7121765364436449,PhD,Full-time,Divorced,Yes,Yes,Other,Yes,1
67,48142,469780,411,282,15,14.60172325181862,24,0.21627887239646748,Masters,Unemployed,Divorced,No,Yes,Auto,No,0
45,41916,78984,793,463,16,27.928110453929943,240,0.6582081944258656,High School,Unemployed,Divorced,Yes,Yes,Business,No,0
79,79324,454008,804,112,9,19.591497003882623,24,0.41465913843185875,Masters,Part-time,Divorced,No,No,Business,No,0
75,140932,439469,774,270,4,10.037934582984818,60,0.36944518524961495,Masters,Unemployed,Married,Yes,Yes,Auto,Yes,0
37,111059,297195,570,162,15,16.23422966907092,24,0.25154728464912435,Bachelors,Self-employed,Divorced,Yes,Yes,Auto,No,0
45,113317,312955,720,459,12,2.915603926842642,240,0.464774869305274,Bachelors,Part-time,Divorced,Yes,No,Auto,No,0
25,50046,31447,666,104,3,29.20447883384237,120,0.5839112941628782,Bachelors,Self-employed,Divorced,No,Yes,Education,Yes,0
78,116459,129046,579,555,14,11.441737155991055,120,0.32874632397020664,High School,Unemployed,Single,Yes,No,Other,No,0
58,60893,216002,582,281,17,14.858153292480939,60,0.5033753544066337,High School,Full-time,Married,Yes,Yes,Other,Yes,0
56,116520,494253,339,161,19,11.303235252870754,36,0.5594503369242431,High School,Part-time,Single,Yes,No,Business,No,0
18,140818,162326,488,350,6,20.792840173369804,60,0.5688974536122288,Masters,Full-time,Single,No,Yes,Business,Yes,0
20,76272,347189,463,433,4,20.204732591558198,120,0.041572878504944205,Bachelors,Part-time,Married,Yes,No,Business,Yes,0
30,82649,117859,835,139,7,21.744347005344935,12,0.6877982445480536,PhD,Full-time,Single,No,No,Home,Yes,0
45,79674,189490,835,470,19,8.776153658745704,12,0.3666026518120384,Masters,Part-time,Single,No,Yes,Business,No,0
79,101475,408688,303,131,17,10.154385953757913,24,0.20993286535697156,High School,Part-time,Single,No,No,Auto,No,0
74,76367,4471,589,86,16,4.63228570179003,240,0.1934116059837453,PhD,Self-employed,Married,Yes,Yes,Business,Yes,0
77,136750,239404,732,182,15,20.009789183537265,360,0.3864112902751604,PhD,Full-time,Divorced,Yes,No,Auto,Yes,0
66,133154,121312,770,367,8,2.1541166927339237,360,0.7094652315751674,Bachelors,Self-employed,Married,No,No,Education,Yes,0
42,59738,227876,480,128,19,18.332787730180314,360,0.3026780653461176,PhD,Self-employed,Married,Yes,No,Home,Yes,0
73,48397,140401,547,245,8,26.22118066069738,24,0.5997805974268346,High School,Full-time,Married,Yes,No,Home,Yes,0
50,97189,166937,578,577,18,26.83413230039937,12,0.07745498478977489,Bachelors,Part-time,Single,No,No,Other,Yes,0
55,91367,47850,553,377,16,14.022095050728888,120,0.38084536172084943,PhD,Self-employed,Divorced,No,No,Education,Yes,0
70,135585,317364,480,148,19,14.31980695817914,24,0.7933489123141886,Bachelors,Full-time,Married,Yes,No,Auto,Yes,0
23,91619,244306,808,432,10,3.2321063072325034,360,0.6163502422338696,PhD,Part-time,Married,No,Yes,Education,Yes,1
75,126453,94808,625,468,17,20.452185737848037,360,0.16842279075249042,Masters,Self-employed,Divorced,Yes,Yes,Home,Yes,0
61,34816,138469,656,445,13,24.816523190812518,60,0.4011531789583286,Masters,Self-employed,Divorced,No,No,Auto,Yes,0
62,94530,229981,690,480,13,8.094996583536679,360,0.18689981091885324,High School,Self-employed,Divorced,Yes,No,Education,Yes,0
49,123856,167597,384,293,7,13.217725567367575,240,0.3276487418100074,Masters,Part-time,Single,Yes,No,Home,No,1
62,86635,54072,616,142,10,25.32634076619284,360,0.6240672189879719,Masters,Self-employed,Divorced,No,Yes,Auto,Yes,0
78,122803,222178,511,249,2,26.43649356220635,60,0.616979852232323,Masters,Part-time,Single,Yes,No,Auto,No,0
64,50946,84820,814,301,4,8.052219427662553,360,0.18248030232190812,PhD,Unemployed,Married,Yes,Yes,Home,No,0
38,70204,478746,683,24,6,16.966548401699562,240,0.7377786545238881,PhD,Self-employed,Single,No,No,Auto,No,1
33,30563,24284,641,69,18,6.582301368438984,120,0.4740545462118615,Bachelors,Unemployed,Divorced,Yes,No,Home,Yes,1
71,107324,455546,337,111,6,3.95448416004714,24,0.30393943276961166,PhD,Full-time,Single,Yes,No,Business,No,1
38,24847,84369,810,363,17,27.42249454036677,240,0.4015484646246885,Masters,Self-employed,Divorced,Yes,No,Business,Yes,0
28,41155,288266,719,302,14,24.794717622731167,60,0.484057002750195,PhD,Full-time,Single,No,No,Auto,No,0
77,94671,393493,468,470,11,23.041012152292044,24,0.44791242547662835,High School,Full-time,Married,No,Yes,Auto,Yes,1
54,131891,333697,642,90,19,2.414223245581072,24,0.38912402842894256,Bachelors,Full-time,Single,No,No,Home,Yes,1
53,98310,213978,605,529,2,25.468134988597466,60,0.4039462432715201,Bachelors,Unemployed,Married,No,Yes,Auto,No,0
52,146691,357932,841,191,3,13.70327820125613,12,0.14112952834230894,PhD,Part-time,Divorced,No,Yes,Other,No,0
36,49707,63812,836,551,11,10.929458575579929,360,0.6501863234437435,Masters,Unemployed,Married,Yes,No,Business,Yes,0
37,96537,271143,411,241,6,16.847814469735916,240,0.4334082559528123,Bachelors,Unemployed,Divorced,Yes,No,Auto,No,1
74,106155,285580,710,137,14,3.649244038983119,60,0.10486388936376248,High School,Full-time,Divorced,Yes,No,Auto,Yes,1
35,15281,306107,505,344,19,22.942749931219566,120,0.6129256812662224,High School,Self-employed,Married,No,Yes,Education,Yes,1
64,147130,134168,484,179,16,17.89061722976058,36,0.7459551827018807,Bachelors,Part-time,Married,Yes,Yes,Auto,Yes,1
58,91260,245809,681,502,7,6.411112809321859,60,0.7578455193895697,Masters,Full-time,Single,No,Yes,Other,No,1
66,79178,419495,795,202,8,6.458733793302322,360,0.2952141859289382,Masters,Part-time,Single,Yes,No,Business,Yes,0
31,48997,253164,678,572,19,6.343210895607553,360,0.10841349884860324,PhD,Unemployed,Married,No,Yes,Education,Yes,0
32,134273,372043,346,191,16,2.6530692390060855,24,0.41471970130645214,PhD,Part-time,Married,Yes,Yes,Home,Yes,0
48,147311,246317,827,4,7,18.04615503177886,24,0.09008738347937656,Bachelors,Part-time,Married,Yes,Yes,Home,Yes,0
18,141945,289345,803,236,9,25.370097150066734,60,0.7471899348100939,PhD,Self-employed,Married,No,No,Business,No,0
70,60272,151787,321,310,13,1.5074482056342693,36,0.1468637018841168,PhD,Full-time,Divorced,Yes,Yes,Home,No,1
71,104393,161381,512,548,1,2.421134704166933,60,0.20221268796093128,PhD,Part-time,Married,Yes,Yes,Other,No,0
71,76212,147150,609,55,8,17.61033802392143,36,0.32530922150797636,High School,Part-time,Married,No,No,Auto,No,0
20,135030,450830,571,442,4,24.76537487619552,36,0.30653157484730065,PhD,Unemployed,Married,Yes,No,Business,Yes,0
33,71503,6105,501,236,3,10.475427826490375,360,0.6357303139183113,Bachelors,Unemployed,Married,Yes,No,Education,Yes,0
40,21570,380810,331,196,3,11.138817565423942,360,0.3650534564407699,Masters,Part-time,Divorced,No,Yes,Auto,Yes,0
74,83785,357992,742,584,13,18.2940484274065,360,0.13661460800266953,PhD,Full-time,Single,No,Yes,Home,Yes,0
28,24110,265983,461,570,8,8.952173784600262,120,0.21376791638885928,Masters,Part-time,Single,No,Yes,Home,Yes,0
29,94141,69920,553,513,7,1.7716426162528398,360,0.40729070815001767,PhD,Part-time,Single,No,No,Education,Yes,0
27,27115,306763,820,448,1,22.321627024946284,240,0.11796313394090792,Bachelors,Self-employed,Single,No,Yes,Other,No,0
49,54062,43821,779,359,16,19.14384747530214,24,0.4893245405168113,High School,Full-time,Single,Yes,No,Education,Yes,0
33,37911,126736,309,29,6,17.841923972614115,24,0.45259784524091673,Bachelors,Self-employed,Divorced,No,No,Business,Yes,0
25,119061,407709,804,107,7,22.50883974076287,36,0.5717618531058062,High School,Full-time,Single,No,Yes,Education,Yes,0
55,47556,18069,735,444,12,20.581694289299087,24,0.7501636923034942,PhD,Full-time,Divorced,Yes,Yes,Home,No,0
29,143335,8531,410,437,9,6.970577657171313,12,0.7298036488809245,PhD,Full-time,Divorced,Yes,Yes,Other,Yes,0
41,16969,431267,452,456,11,11.221950361357184,36,0.7568604944550651,High School,Self-employed,Single,Yes,No,Other,Yes,1
45,58753,139808,401,494,10,4.657194108680125,24,0.19577247761896077,Bachelors,Self-employed,Single,Yes,No,Education,Yes,0
70,136863,139782,490,246,1,4.76585338911855,12,0.1052522453114837,Bachelors,Self-employed,Single,Yes,Yes,Business,No,0
25,25225,68155,380,542,18,20.609676644339636,120,0.24182136039715882,High School,Unemployed,Married,No,No,Home,Yes,0
75,138008,408191,788,563,4,25.89940310249245,24,0.7160681382130517,PhD,Self-employed,Divorced,Yes,Yes,Auto,Yes,0
45,120823,63424,387,587,5,28.919244931973033,12,0.7776427796987906,High School,Unemployed,Single,No,Yes,Other,No,0
53,28669,308747,493,438,9,19.222066408933888,60,0.6874599608563808,PhD,Unemployed,Married,Yes,Yes,Education,Yes,0
43,139398,417468,403,277,17,6.338938377467752,240,0.08801417690203489,High School,Unemployed,Divorced,No,No,Business,No,0
25,125677,475013,395,551,3,4.063860018018991,60,0.7579423984478346,PhD,Part-time,Married,Yes,No,Business,Yes,0
75,63320,133503,722,110,16,24.572678174565976,12,0.3386864218806288,High School,Part-time,Married,No,Yes,Home,No,0
77,140354,206675,497,384,5,17.78393781443998,36,0.007448232609882944,Masters,Part-time,Single,No,Yes,Other,Yes,0
67,103009,169553,300,190,16,18.930265609397875,360,0.3539149925985549,PhD,Unemployed,Divorced,No,No,Home,Yes,0
45,43625,355717,706,489,3,23.66240057388657,360,0.03685533574037408,Bachelors,Unemployed,Married,No,Yes,Auto,No,1
45,39089,141629,677,425,15,21.395039604241095,360,0.43510233692889405,High School,Full-time,Divorced,No,No,Auto,Yes,0
54,51487,469187,466,404,3,25.1992893328268,36,0.27084322194964106,Bachelors,Unemployed,Single,No,Yes,Auto,Yes,0
58,125448,366446,808,334,14,2.6302032583364756,24,0.37874794687523905,High School,Part-time,Divorced,No,No,Business,No,0
53,65138,132234,612,208,16,22.678098465648638,360,0.49053628859449366,Bachelors,Unemployed,Married,No,Yes,Other,Yes,1
44,69061,428958,717,21,17,25.674729962340766,60,0.6950408766542563,Bachelors,Unemployed,Married,No,No,Home,No,0
71,116376,20675,776,207,18,9.297916231291115,36,0.529521261177543,High School,Full-time,Divorced,No,Yes,Home,Yes,0
34,94134,74997,372,7,18,19.572970945804332,36,0.34723909478254456,High School,Unemployed,Married,Yes,No,Auto,No,0
26,62055,149087,440,528,14,10.11069985127219,360,0.6555422829362921,Bachelors,Self-employed,Married,No,No,Other,Yes,0
50,34508,444273,561,165,18,28.781160927991166,60,0.7244657100585058,Bachelors,Full-time,Married,No,No,Other,Yes,0
70,125169,426807,639,495,15,1.969283600629609,120,0.09580797314575779,Bachelors,Unemployed,Single,Yes,No,Education,No,0
37,23125,487799,607,589,15,17.813992471155697,36,0.42554638204223316,PhD,Unemployed,Single,No,Yes,Other,Yes,0
30,51059,232390,544,428,6,5.828602864435938,360,0.22760956779395533,PhD,Full-time,Married,No,No,Other,No,0
45,118409,141905,814,162,15,21.654385950137602,240,0.03764895830155793,Masters,Unemployed,Divorced,Yes,No,Home,No,0
65,20704,271040,636,365,18,6.100818219141201,12,0.5348373560911883,PhD,Part-time,Single,Yes,Yes,Other,No,0
46,126279,427188,375,525,4,7.82611459505237,24,0.6902166219673805,PhD,Self-employed,Divorced,No,No,Other,Yes,0
30,133516,312877,474,238,8,15.336753520326985,36,0.13032212358191525,High School,Self-employed,Married,Yes,Yes,Home,Yes,0
63,129044,252435,408,71,15,27.530213549909465,240,0.6499309260991204,Masters,Part-time,Married,No,No,Other,Yes,1
52,44165,42800,482,444,3,7.139716792291154,240,0.6827165868295534,Masters,Unemployed,Divorced,No,No,Home,No,0
78,82203,97044,491,508,15,5.182960612425002,36,0.7314723541331869,PhD,Unemployed,Single,No,No,Education,No,1
23,19114,268491,364,268,13,23.01032812376689,120,0.21222807126884194,High School,Self-employed,Divorced,Yes,No,Business,No,0
35,51321,191135,773,414,9,15.517966437683999,12,0.7231624521519114,High School,Unemployed,Divorced,No,No,Home,Yes,0
68,88297,490066,399,244,2,27.44176825907137,24,0.2565302037891458,Masters,Self-employed,Married,No,No,Home,No,0
22,111652,134715,843,59,8,5.251822157635426,36,0.44187041076440225,High School,Self-employed,Single,Yes,Yes,Other,Yes,0
64,114304,303929,427,5,17,19.73190889766814,24,0.04040597666582571,Bachelors,Part-time,Divorced,No,Yes,Home,Yes,0
42,32772,281825,751,569,13,7.753495238402636,60,0.035104870694994884,PhD,Self-employed,Single,No,No,Auto,Yes,0
19,118754,444242,668,406,1,5.546052430897539,240,0.5762985701857624,Bachelors,Unemployed,Married,No,No,Auto,Yes,0
27,18712,367008,342,216,2,20.819453039560845,240,0.3555839823822329,Masters,Unemployed,Single,No,Yes,Education,Yes,0
73,147439,410108,718,25,15,18.216853977353264,36,0.20503390029537405,Masters,Full-time,Married,No,Yes,Home,Yes,0
47,130142,310443,787,4,12,22.889996292507604,36,0.15233079681992817,High School,Unemployed,Single,No,No,Other,Yes,0
67,106736,18073,377,531,14,9.974414716939288,60,0.5359627926873745,High School,Full-time,Divorced,Yes,No,Other,Yes,0
76,66924,365448,569,389,2,13.991178035083509,120,0.0003212352202718982,Masters,Self-employed,Married,No,No,Business,No,0
62,18726,31682,614,570,18,12.758678613582136,36,0.6447129353574834,Masters,Unemployed,Divorced,No,No,Education,Yes,1
22,104152,229870,467,447,7,29.53859445502891,240,0.06339968490394306,Bachelors,Part-time,Married,Yes,No,Other,Yes,0
72,42723,228966,638,145,6,9.47521974544225,24,0.15319169192649557,Bachelors,Part-time,Single,No,No,Business,No,0
73,141969,387446,492,387,14,9.549699912056239,12,0.3089891162392717,High School,Part-time,Single,No,Yes,Other,No,1
50,115494,408505,752,248,8,11.281898056029615,360,0.3878869917728829,Bachelors,Self-employed,Married,Yes,No,Business,No,0
71,50643,116359,582,525,2,17.373228357419325,24,0.2839960926511535,High School,Self-employed,Married,Yes,No,Auto,No,0
18,118896,402143,635,461,17,8.317359583648612,120,0.2565697319874351,High School,Full-time,Married,Yes,Yes,Auto,Yes,1
35,108680,442546,689,12,5,27.543408270998942,12,0.7711328096585508,PhD,Part-time,Single,Yes,Yes,Other,No,0
49,111546,67707,824,383,14,8.704881381121641,24,0.5132637449947154,High School,Full-time,Married,Yes,Yes,Education,No,0
64,94973,252351,539,555,3,26.978656215245646,24,0.018746364293910567,Bachelors,Full-time,Married,Yes,Yes,Home,No,0
66,78449,471670,782,398,5,4.000776845750955,60,0.3441407267554506,Masters,Unemployed,Divorced,Yes,No,Education,No,0
